Brand,Product Link,Price,Original Price,Discount,Computed Discount %
aadi,https://www.flipkart.com/aadi-men-sandals/p/itm59812203ec39b?pid=SNDG4JHNQ6TYFVJG&lid=LSTSNDG4JHNQ6TYFVJGW0IHKU&marketplace=FLIPKART&q=footwear&store=osp&srno=s_1_1&otracker=search&fm=organic&iid=en_PntE9qPUC5ieAzpLy_-Q-pGvXlyvY0hDRcZCmB_7KQ61ppCgp2sCFpcIMmaGoUQGkjqGoJ2kAOhAcu9LsaWuXg%3D%3D&ppt=None&ppn=None&ssid=9ujctcrbf40000001745986501995&qH=569084f9cab6eba9,411.0,1999,79,79.44
Abros,https://www.flipkart.com/abros-carter-running-shoes-men/p/itma2c46b7e677e8?pid=SHOH42AA94HXHHGP&lid=LSTSHOH42AA94HXHHGPQXXSBY&marketplace=FLIPKART&q=footwear&store=osp&srno=s_1_2&otracker=search&fm=organic&iid=en_PntE9qPUC5ieAzpLy_-Q-pGvXlyvY0hDRcZCmB_7KQ7QJsqBlFqDHY2CPyq5DraDQlSIPjksVHuVzNfOVAcaCvUFjCTyOHoHZs-Z5_PS_w0%3D&ppt=None&ppn=None&ssid=9ujctcrbf40000001745986501995&qH=569084f9cab6eba9,719.0,1599,55,55.03
Rising Wolf,https://www.flipkart.com/rising-wolf-men-sandals/p/itmfe2c0549cb6c2?pid=SNDFBGYGWFYR3CNU&lid=LSTSNDFBGYGWFYR3CNUSIAMNE&marketplace=FLIPKART&q=footwear&store=osp&srno=s_1_3&otracker=search&fm=organic&iid=1f867850-7ee3-4081-95ce-4b58f9b38e06.SNDFBGYGWFYR3CNU.SEARCH&ppt=None&ppn=None&ssid=9ujctcrbf40000001745986501995&qH=569084f9cab6eba9,736.0,999,26,26.33
Rising Wolf,https://www.flipkart.com/rising-wolf-men-sandals/p/itm65c39678b7be1?pid=SNDGG7FYZN3QCZ8T&lid=LSTSNDGG7FYZN3QCZ8TKYNPNJ&marketplace=FLIPKART&q=footwear&store=osp&srno=s_1_4&otracker=search&fm=organic&iid=1f867850-7ee3-4081-95ce-4b58f9b38e06.SNDGG7FYZN3QCZ8T.SEARCH&ppt=None&ppn=None&ssid=9ujctcrbf40000001745986501995&qH=569084f9cab6eba9,772.0,2999,74,74.26
BRUTON,https://www.flipkart.com/bruton-men-sandals/p/itm36f0752568872?pid=SNDGZGFYD5WUJYRU&lid=LSTSNDGZGFYD5WUJYRU4UCW2A&marketplace=FLIPKART&q=footwear&store=osp&srno=s_1_5&otracker=search&fm=organic&iid=en_PntE9qPUC5ieAzpLy_-Q-pGvXlyvY0hDRcZCmB_7KQ4_NKSK_aCLc5ZyNURiNhzwfQWVPf94mIs2mDrVwdNmZg%3D%3D&ppt=None&ppn=None&ssid=9ujctcrbf40000001745986501995&qH=569084f9cab6eba9,286.0,1299,77,77.98
JQR,https://www.flipkart.com/jqr-dj-sports-shoes-walking-lightweight-trekking-stylish-running-shoes-men/p/itmcc0f5983b0567?pid=SHOG4PAHCY2JMVSQ&lid=LSTSHOG4PAHCY2JMVSQCJ226H&marketplace=FLIPKART&q=footwear&store=osp&srno=s_1_6&otracker=search&fm=organic&iid=en_PntE9qPUC5ieAzpLy_-Q-pGvXlyvY0hDRcZCmB_7KQ6W1mdWi1zCnSBpIJdEnAdprOzO2YqE3EuPEx5N5wBSMOo15S0a61Wzzbg3qNOknKY%3D&ppt=None&ppn=None&ssid=9ujctcrbf40000001745986501995&qH=569084f9cab6eba9,909.0,1299,30,30.02
Picktoes,https://www.flipkart.com/picktoes-pt-607-lightweight-comfort-summer-trendy-premium-stylish-party-disigin-women-wedges/p/itm7eba671350b96?pid=SNDGNVVKECQA2ZHC&lid=LSTSNDGNVVKECQA2ZHCJASVAS&marketplace=FLIPKART&q=footwear&store=osp&srno=s_1_7&otracker=search&fm=organic&iid=1f867850-7ee3-4081-95ce-4b58f9b38e06.SNDGNVVKECQA2ZHC.SEARCH&ppt=None&ppn=None&ssid=9ujctcrbf40000001745986501995&qH=569084f9cab6eba9,425.0,1899,77,77.62
BERSACHE,https://www.flipkart.com/bersache-men-slides/p/itm54f6973e3872d?pid=SFFGH4ZHZZGTGVRJ&lid=LSTSFFGH4ZHZZGTGVRJTGOM4K&marketplace=FLIPKART&q=footwear&store=osp&srno=s_1_8&otracker=search&fm=organic&iid=1f867850-7ee3-4081-95ce-4b58f9b38e06.SFFGH4ZHZZGTGVRJ.SEARCH&ppt=None&ppn=None&ssid=9ujctcrbf40000001745986501995&qH=569084f9cab6eba9,233.0,448,47,47.99
Hitway,https://www.flipkart.com/hitway-women-flats/p/itmfdeb1c5ec2617?pid=SNDH59GSUFFYYPZZ&lid=LSTSNDH59GSUFFYYPZZSG78NX&marketplace=FLIPKART&q=footwear&store=osp&srno=s_1_9&otracker=search&fm=organic&iid=1f867850-7ee3-4081-95ce-4b58f9b38e06.SNDH59GSUFFYYPZZ.SEARCH&ppt=None&ppn=None&ssid=9ujctcrbf40000001745986501995&qH=569084f9cab6eba9,600.0,2599,76,76.91
Bata,https://www.flipkart.com/bata-men-casual/p/itmcc47cde7125e0?pid=SNDG29G49KXSNSWE&lid=LSTSNDG29G49KXSNSWEEEO6YM&marketplace=FLIPKART&q=footwear&store=osp&spotlightTagId=default_BestsellerId_osp&srno=s_1_10&otracker=search&fm=organic&iid=1f867850-7ee3-4081-95ce-4b58f9b38e06.SNDG29G49KXSNSWE.SEARCH&ppt=None&ppn=None&ssid=9ujctcrbf40000001745986501995&qH=569084f9cab6eba9,329.0,0,0,0.0
aadi,https://www.flipkart.com/aadi-men-sandals/p/itm63d5eeded4d21?pid=SNDH438JNVA4JTTK&lid=LSTSNDH438JNVA4JTTKV3VH8G&marketplace=FLIPKART&q=footwear&store=osp&srno=s_1_11&otracker=search&fm=organic&iid=en_PntE9qPUC5ieAzpLy_-Q-pGvXlyvY0hDRcZCmB_7KQ7TQvrM1BLbjvYyGxDfWz4HxrOQSzUTLKjQ3qGpP7krDw%3D%3D&ppt=None&ppn=None&ssid=9ujctcrbf40000001745986501995&qH=569084f9cab6eba9,469.0,1999,76,76.54
BRUTON,https://www.flipkart.com/bruton-men-sandals/p/itm22a5edf1ed4bc?pid=SNDH27K3CMQJZ29U&lid=LSTSNDH27K3CMQJZ29UBFWNUB&marketplace=FLIPKART&q=footwear&store=osp&srno=s_1_12&otracker=search&fm=organic&iid=en_PntE9qPUC5ieAzpLy_-Q-pGvXlyvY0hDRcZCmB_7KQ4gdE_fOAsMXzWS5_F282tRWkSPbdVpEXDclG8mlqfc9g%3D%3D&ppt=None&ppn=None&ssid=9ujctcrbf40000001745986501995&qH=569084f9cab6eba9,297.0,1299,77,77.14
BERSACHE,https://www.flipkart.com/bersache-men-clogs/p/itmcd5aeb811f878?pid=SNDGVFPSGPCZCJG9&lid=LSTSNDGVFPSGPCZCJG9APRNOT&marketplace=FLIPKART&q=footwear&store=osp&srno=s_1_13&otracker=search&fm=organic&iid=1f867850-7ee3-4081-95ce-4b58f9b38e06.SNDGVFPSGPCZCJG9.SEARCH&ppt=None&ppn=None&ssid=9ujctcrbf40000001745986501995&qH=569084f9cab6eba9,307.0,1999,84,84.64
LIBERTY,https://www.flipkart.com/liberty-men-clogs/p/itm425fe221d7529?pid=SNDGQ9P3SMDPZBHF&lid=LSTSNDGQ9P3SMDPZBHFZQAB45&marketplace=FLIPKART&q=footwear&store=osp&srno=s_1_14&otracker=search&fm=organic&iid=1f867850-7ee3-4081-95ce-4b58f9b38e06.SNDGQ9P3SMDPZBHF.SEARCH&ppt=None&ppn=None&ssid=9ujctcrbf40000001745986501995&qH=569084f9cab6eba9,497.0,1299,61,61.74
Marc Loire,https://www.flipkart.com/marc-loire-women-comfortable-loafer-mules-ballet-wedge-heels-footwear-loafers/p/itmd709cd56e6ef1?pid=SHOGHCZH3AQTACSG&lid=LSTSHOGHCZH3AQTACSG7YCYU0&marketplace=FLIPKART&q=footwear&store=osp&srno=s_1_15&otracker=search&fm=organic&iid=1f867850-7ee3-4081-95ce-4b58f9b38e06.SHOGHCZH3AQTACSG.SEARCH&ppt=None&ppn=None&ssid=9ujctcrbf40000001745986501995&qH=569084f9cab6eba9,1394.0,2490,44,44.02
BRUTON,https://www.flipkart.com/bruton-men-sandals/p/itm90aac28bd54d4?pid=SNDG5VH6KDR2NQW6&lid=LSTSNDG5VH6KDR2NQW6Z5DYIP&marketplace=FLIPKART&q=footwear&store=osp&spotlightTagId=default_BestsellerId_osp&srno=s_1_16&otracker=search&fm=organic&iid=1f867850-7ee3-4081-95ce-4b58f9b38e06.SNDG5VH6KDR2NQW6.SEARCH&ppt=None&ppn=None&ssid=9ujctcrbf40000001745986501995&qH=569084f9cab6eba9,286.0,1299,77,77.98
BIRDE,https://www.flipkart.com/birde-premium-clogs-men-sandals/p/itmc30b362408377?pid=SNDGHVNHCZUDSJ6H&lid=LSTSNDGHVNHCZUDSJ6HK1XL5B&marketplace=FLIPKART&q=footwear&store=osp&srno=s_1_17&otracker=search&fm=organic&iid=en_PntE9qPUC5ieAzpLy_-Q-pGvXlyvY0hDRcZCmB_7KQ66V2ugu7nXNeoU22Rf7L7jjm43hRUzRE_oMJ4352w-CA%3D%3D&ppt=None&ppn=None&ssid=9ujctcrbf40000001745986501995&qH=569084f9cab6eba9,299.0,999,70,70.07
AJANTA,https://www.flipkart.com/ajanta-men-slides/p/itm3420059bc7d22?pid=SFFGDK63AFMMFVGE&lid=LSTSFFGDK63AFMMFVGEZSGKHP&marketplace=FLIPKART&q=footwear&store=osp&srno=s_1_18&otracker=search&fm=organic&iid=en_PntE9qPUC5ieAzpLy_-Q-pGvXlyvY0hDRcZCmB_7KQ6_GBTiyOCz0aLLMzV_lfxzeLaBCPiyKZWLbUydUBiOY8srgPW5YLzJU0_H6_RHKR0%3D&ppt=None&ppn=None&ssid=9ujctcrbf40000001745986501995&qH=569084f9cab6eba9,209.0,699,70,70.1
Aqualite,https://www.flipkart.com/aqualite-comfort-anti-skid-men-clogs/p/itmd6b7b0cb83591?pid=SNDGQTG8ZUXZEGDM&lid=LSTSNDGQTG8ZUXZEGDMI3HZMK&marketplace=FLIPKART&q=footwear&store=osp&srno=s_1_19&otracker=search&fm=organic&iid=1f867850-7ee3-4081-95ce-4b58f9b38e06.SNDGQTG8ZUXZEGDM.SEARCH&ppt=None&ppn=None&ssid=9ujctcrbf40000001745986501995&qH=569084f9cab6eba9,499.0,1499,66,66.71
sanvariya,https://www.flipkart.com/sanvariya-women-heels/p/itm72e445f7d1fba?pid=SNDGQ8FPGMHUKBFG&lid=LSTSNDGQ8FPGMHUKBFGDFWZZQ&marketplace=FLIPKART&q=footwear&store=osp&srno=s_1_20&otracker=search&fm=organic&iid=1f867850-7ee3-4081-95ce-4b58f9b38e06.SNDGQ8FPGMHUKBFG.SEARCH&ppt=None&ppn=None&ssid=9ujctcrbf40000001745986501995&qH=569084f9cab6eba9,392.0,1299,69,69.82
aadi,https://www.flipkart.com/aadi-men-clogs/p/itm1d8f453cbb39d?pid=SNDGX32UUGZBHSNZ&lid=LSTSNDGX32UUGZBHSNZ4V4PDH&marketplace=FLIPKART&q=footwear&store=osp&srno=s_1_21&otracker=search&fm=organic&iid=en_PntE9qPUC5ieAzpLy_-Q-pGvXlyvY0hDRcZCmB_7KQ48ZpN5ef2YBWcpboeMkt4JCR_Be1-eiCKDVcs08_GexA%3D%3D&ppt=None&ppn=None&ssid=9ujctcrbf40000001745986501995&qH=569084f9cab6eba9,368.0,999,63,63.16
CAMPUS,https://www.flipkart.com/campus-terminator-n-running-shoes-men/p/itm29ac3efb0d51d?pid=SHOG2QYYC4PZRWAF&lid=LSTSHOG2QYYC4PZRWAFY2C8OC&marketplace=FLIPKART&q=footwear&store=osp&srno=s_1_22&otracker=search&fm=organic&iid=en_PntE9qPUC5ieAzpLy_-Q-pGvXlyvY0hDRcZCmB_7KQ6exovE_dzlPXXunLhmDuc7bBtntaYQefGDGSFVZPvYiYE8waCTrWcncKeK_ydPfoM%3D&ppt=None&ppn=None&ssid=9ujctcrbf40000001745986501995&qH=569084f9cab6eba9,1554.0,2299,32,32.41
BIRDE,https://www.flipkart.com/birde-men-clogs/p/itm4095503ded254?pid=SNDH32KFQMT5CYSB&lid=LSTSNDH32KFQMT5CYSBOLNQ7X&marketplace=FLIPKART&q=footwear&store=osp&srno=s_1_23&otracker=search&fm=organic&iid=1f867850-7ee3-4081-95ce-4b58f9b38e06.SNDH32KFQMT5CYSB.SEARCH&ppt=None&ppn=None&ssid=9ujctcrbf40000001745986501995&qH=569084f9cab6eba9,328.0,999,67,67.17
Aqualite,https://www.flipkart.com/aqualite-comfort-anti-skid-men-clogs/p/itmd2e91553df3fd?pid=SNDGQTG8VAZGQFKM&lid=LSTSNDGQTG8VAZGQFKMZV4ZEE&marketplace=FLIPKART&q=footwear&store=osp&srno=s_1_24&otracker=search&fm=organic&iid=1f867850-7ee3-4081-95ce-4b58f9b38e06.SNDGQTG8VAZGQFKM.SEARCH&ppt=None&ppn=None&ssid=9ujctcrbf40000001745986501995&qH=569084f9cab6eba9,499.0,1499,66,66.71
VECHLO,https://www.flipkart.com/vechlo-men-sandals/p/itm212a3b4b66d00?pid=SNDG5M8GHWXDGT6Y&lid=LSTSNDG5M8GHWXDGT6YHQNDFQ&marketplace=FLIPKART&q=footwear&store=osp&srno=s_1_25&otracker=search&fm=organic&iid=1f867850-7ee3-4081-95ce-4b58f9b38e06.SNDG5M8GHWXDGT6Y.SEARCH&ppt=None&ppn=None&ssid=9ujctcrbf40000001745986501995&qH=569084f9cab6eba9,288.0,999,71,71.17
LIBERTY,https://www.flipkart.com/liberty-men-clogs/p/itmb46ddfb742f91?pid=SNDGQ9P36YBY7NEN&lid=LSTSNDGQ9P36YBY7NENTGSUAN&marketplace=FLIPKART&q=footwear&store=osp&spotlightTagId=default_BestsellerId_osp&srno=s_1_26&otracker=search&fm=organic&iid=1f867850-7ee3-4081-95ce-4b58f9b38e06.SNDGQ9P36YBY7NEN.SEARCH&ppt=None&ppn=None&ssid=9ujctcrbf40000001745986501995&qH=569084f9cab6eba9,497.0,1299,61,61.74
aadi,https://www.flipkart.com/aadi-men-sandals/p/itm33bb87913ba28?pid=SNDGSEZJ2YBUFTHZ&lid=LSTSNDGSEZJ2YBUFTHZPDAETG&marketplace=FLIPKART&q=footwear&store=osp&srno=s_1_27&otracker=search&fm=organic&iid=en_PntE9qPUC5ieAzpLy_-Q-pGvXlyvY0hDRcZCmB_7KQ6mYNyy9uZqYyPXpqiT4enCsC9QN8jfmLZGm45nWv7eFA%3D%3D&ppt=None&ppn=None&ssid=9ujctcrbf40000001745986501995&qH=569084f9cab6eba9,389.0,999,61,61.06
Wildcraft,https://www.flipkart.com/wildcraft-outdoor-men-sports-sandals/p/itm611ebcfe05e06?pid=SNDG5FR5JE22G9ZZ&lid=LSTSNDG5FR5JE22G9ZZNMZUUX&marketplace=FLIPKART&q=footwear&store=osp&srno=s_1_28&otracker=search&fm=organic&iid=en_PntE9qPUC5ieAzpLy_-Q-pGvXlyvY0hDRcZCmB_7KQ5Bg3tUR8jdYaeGQxboUeTvzxHMxlR8uElopoBidb9bltmEaX_1OVaDgohoY5ZV-y8%3D&ppt=None&ppn=None&ssid=9ujctcrbf40000001745986501995&qH=569084f9cab6eba9,818.0,1999,59,59.08
RED TAPE,https://www.flipkart.com/red-tape-men-clogs/p/itm4f0a1613ace2d?pid=SNDGWY3ZHRMGHNKZ&lid=LSTSNDGWY3ZHRMGHNKZ3ENHDO&marketplace=FLIPKART&q=footwear&store=osp&srno=s_1_29&otracker=search&fm=organic&iid=1f867850-7ee3-4081-95ce-4b58f9b38e06.SNDGWY3ZHRMGHNKZ.SEARCH&ppt=None&ppn=None&ssid=9ujctcrbf40000001745986501995&qH=569084f9cab6eba9,543.0,3499,84,84.48
RED TAPE,https://www.flipkart.com/red-tape-men-clogs/p/itmb96d3e8b9d4ff?pid=SNDH8WRZB8WVUSVG&lid=LSTSNDH8WRZB8WVUSVGUK4C3P&marketplace=FLIPKART&q=footwear&store=osp&srno=s_1_30&otracker=search&fm=organic&iid=1f867850-7ee3-4081-95ce-4b58f9b38e06.SNDH8WRZB8WVUSVG.SEARCH&ppt=None&ppn=None&ssid=9ujctcrbf40000001745986501995&qH=569084f9cab6eba9,445.0,3499,87,87.28
CAMPUS,https://www.flipkart.com/campus-north-plus-walking-shoes-men/p/itm9669687c56df2?pid=SHOFY4DPNNKQ5AD4&lid=LSTSHOFY4DPNNKQ5AD4LV31RI&marketplace=FLIPKART&q=footwear&store=osp&srno=s_1_31&otracker=search&fm=organic&iid=en_PntE9qPUC5ieAzpLy_-Q-pGvXlyvY0hDRcZCmB_7KQ6W4h1kuY2MG9KFyjycrTCJcScEP38XTayRZoDBlRbsw0Ksf8s6I2Oz2HOgbXTo_9U%3D&ppt=None&ppn=None&ssid=9ujctcrbf40000001745986501995&qH=569084f9cab6eba9,1332.0,1899,29,29.86
RED TAPE,https://www.flipkart.com/red-tape-men-clogs/p/itm2e7ee1397e659?pid=SNDGW9HXJ5CZ8WXM&lid=LSTSNDGW9HXJ5CZ8WXMIHYL9U&marketplace=FLIPKART&q=footwear&store=osp&srno=s_1_32&otracker=search&fm=organic&iid=en_PntE9qPUC5ieAzpLy_-Q-pGvXlyvY0hDRcZCmB_7KQ5psmZ_r0xXs68rFxSLeo5X9veb63dKCTaBv0aSNN6V8p2-SIbIDZ6lLvgRS75Tj4w%3D&ppt=None&ppn=None&ssid=9ujctcrbf40000001745986501995&qH=569084f9cab6eba9,669.0,3199,79,79.09
Bata,https://www.flipkart.com/bata-men-sandals/p/itm5f6dfc2b42fe2?pid=SNDFV9YKDJ4MYZUX&lid=LSTSNDFV9YKDJ4MYZUXDJZAAX&marketplace=FLIPKART&q=footwear&store=osp&srno=s_1_33&otracker=search&fm=organic&iid=1f867850-7ee3-4081-95ce-4b58f9b38e06.SNDFV9YKDJ4MYZUX.SEARCH&ppt=None&ppn=None&ssid=9ujctcrbf40000001745986501995&qH=569084f9cab6eba9,995.0,1199,17,17.01
AJANTA,https://www.flipkart.com/ajanta-men-sandals/p/itm01ec025504607?pid=SNDGHCRMFHZRSZBN&lid=LSTSNDGHCRMFHZRSZBNSUVVLM&marketplace=FLIPKART&q=footwear&store=osp&srno=s_1_34&otracker=search&fm=organic&iid=1f867850-7ee3-4081-95ce-4b58f9b38e06.SNDGHCRMFHZRSZBN.SEARCH&ppt=None&ppn=None&ssid=9ujctcrbf40000001745986501995&qH=569084f9cab6eba9,189.0,849,77,77.74
LIBERTY,https://www.flipkart.com/liberty-men-clogs/p/itm28386aa56e3fb?pid=SNDGTDZBU2TKRXKM&lid=LSTSNDGTDZBU2TKRXKM2W7THX&marketplace=FLIPKART&q=footwear&store=osp&srno=s_1_35&otracker=search&fm=organic&iid=1f867850-7ee3-4081-95ce-4b58f9b38e06.SNDGTDZBU2TKRXKM.SEARCH&ppt=None&ppn=None&ssid=9ujctcrbf40000001745986501995&qH=569084f9cab6eba9,499.0,1299,61,61.59
BERSACHE,https://www.flipkart.com/bersache-men-sandals-sports/p/itm55fa722ae6356?pid=SNDHF3G5GPJHYHWJ&lid=LSTSNDHF3G5GPJHYHWJ6JQ3MB&marketplace=FLIPKART&q=footwear&store=osp&srno=s_1_36&otracker=search&fm=organic&iid=1f867850-7ee3-4081-95ce-4b58f9b38e06.SNDHF3G5GPJHYHWJ.SEARCH&ppt=None&ppn=None&ssid=9ujctcrbf40000001745986501995&qH=569084f9cab6eba9,294.0,1999,85,85.29
GO RIDE,https://www.flipkart.com/go-ride-running-shoes-men/p/itma84f0d68d713b?pid=SHOGFGGW2FPGGVU8&lid=LSTSHOGFGGW2FPGGVU8AZ3CFY&marketplace=FLIPKART&q=footwear&store=osp&srno=s_1_37&otracker=search&fm=organic&iid=en_PntE9qPUC5ieAzpLy_-Q-pGvXlyvY0hDRcZCmB_7KQ56c5cpyzF7aQNcWxehuhe25uUkpq9b8wj2_5pSZ707QA%3D%3D&ppt=None&ppn=None&ssid=9ujctcrbf40000001745986501995&qH=569084f9cab6eba9,1261.0,1749,27,27.9
CAMPUS,https://www.flipkart.com/campus-camp-karl-running-shoes-men/p/itmc0c98cdd03aaf?pid=SHOGHXHCQMWHV2UQ&lid=LSTSHOGHXHCQMWHV2UQXCWU2Q&marketplace=FLIPKART&q=footwear&store=osp&srno=s_1_38&otracker=search&fm=organic&iid=en_PntE9qPUC5ieAzpLy_-Q-pGvXlyvY0hDRcZCmB_7KQ4jf28jBsCEj2iFJQaFkcGpyTcc4g6Ad73tTHzkEwzGd4nfEY2D5bWfIUmTlXs_oiU%3D&ppt=None&ppn=None&ssid=9ujctcrbf40000001745986501995&qH=569084f9cab6eba9,1110.0,1599,30,30.58
LIBERTY,https://www.flipkart.com/liberty-men-clogs/p/itm3fcde998849c8?pid=SNDGQ9P3RKSQZGR9&lid=LSTSNDGQ9P3RKSQZGR9IS6UMZ&marketplace=FLIPKART&q=footwear&store=osp&srno=s_1_39&otracker=search&fm=organic&iid=1f867850-7ee3-4081-95ce-4b58f9b38e06.SNDGQ9P3RKSQZGR9.SEARCH&ppt=None&ppn=None&ssid=9ujctcrbf40000001745986501995&qH=569084f9cab6eba9,497.0,1299,61,61.74
RED TAPE,https://www.flipkart.com/red-tape-men-clogs/p/itmea1db41c24707?pid=SNDGW9HXKZCJ7HYD&lid=LSTSNDGW9HXKZCJ7HYDDQSOOV&marketplace=FLIPKART&q=footwear&store=osp&srno=s_1_40&otracker=search&fm=organic&iid=1f867850-7ee3-4081-95ce-4b58f9b38e06.SNDGW9HXKZCJ7HYD.SEARCH&ppt=None&ppn=None&ssid=9ujctcrbf40000001745986501995&qH=569084f9cab6eba9,669.0,3199,79,79.09
Abros,https://www.flipkart.com/abros-carter-running-shoes-men/p/itma2c46b7e677e8?pid=SHOH42AAVQRHEXF2&lid=LSTSHOH42AAVQRHEXF2GJZDPU&marketplace=FLIPKART&q=footwear&store=osp&srno=s_2_41&otracker=search&fm=organic&iid=en_O3P05Vq6ODVne9yTcPihB6q8nb1153lWoByJ3u399gO0zpoqXdBvPfRcxNdpi4tONbBnyVkCtk4RmKmMCLCsdvUFjCTyOHoHZs-Z5_PS_w0%3D&ppt=None&ppn=None&ssid=sa3mkkkak00000001745986504579&qH=569084f9cab6eba9,719.0,1599,55,55.03
Abros,https://www.flipkart.com/abros-ramsay-running-shoes-men/p/itm8a77e638c42f1?pid=SHOH3JGNRHBSFHEM&lid=LSTSHOH3JGNRHBSFHEMMQV98G&marketplace=FLIPKART&q=footwear&store=osp&srno=s_2_42&otracker=search&fm=organic&iid=en_O3P05Vq6ODVne9yTcPihB6q8nb1153lWoByJ3u399gN_nOngEx_6-l2-krsVcVFeJQP6e6A4BbsXz00OY3nOrw%3D%3D&ppt=None&ppn=None&ssid=sa3mkkkak00000001745986504579&qH=569084f9cab6eba9,989.0,2199,55,55.03
BERSACHE,https://www.flipkart.com/bersache-men-sandals/p/itmf1febe780cbe2?pid=SNDGV8GFBSKMHJDW&lid=LSTSNDGV8GFBSKMHJDWN2RWEC&marketplace=FLIPKART&q=footwear&store=osp&srno=s_2_43&otracker=search&fm=organic&iid=594c5e7c-77c6-4c56-bcf1-d467b0a39bf7.SNDGV8GFBSKMHJDW.SEARCH&ppt=None&ppn=None&ssid=sa3mkkkak00000001745986504579&qH=569084f9cab6eba9,326.0,1999,83,83.69
BERSACHE,https://www.flipkart.com/bersache-men-sandals/p/itm73b52a5a0f8a6?pid=SNDHFS7CAG52S55A&lid=LSTSNDHFS7CAG52S55ASKZKTJ&marketplace=FLIPKART&q=footwear&store=osp&srno=s_2_44&otracker=search&fm=organic&iid=594c5e7c-77c6-4c56-bcf1-d467b0a39bf7.SNDHFS7CAG52S55A.SEARCH&ppt=None&ppn=None&ssid=sa3mkkkak00000001745986504579&qH=569084f9cab6eba9,439.0,998,56,56.01
Fortex,https://www.flipkart.com/fortex-men-casual/p/itm37de4eb1c3e3a?pid=SNDGY9QDBNP9YY9Q&lid=LSTSNDGY9QDBNP9YY9QEHIMWP&marketplace=FLIPKART&q=footwear&store=osp&srno=s_2_45&otracker=search&fm=organic&iid=594c5e7c-77c6-4c56-bcf1-d467b0a39bf7.SNDGY9QDBNP9YY9Q.SEARCH&ppt=None&ppn=None&ssid=sa3mkkkak00000001745986504579&qH=569084f9cab6eba9,405.0,1299,68,68.82
Fortex,https://www.flipkart.com/fortex-men-casual/p/itm536dfd6071148?pid=SNDGY9QDCNZMYUAZ&lid=LSTSNDGY9QDCNZMYUAZUWXLRU&marketplace=FLIPKART&q=footwear&store=osp&srno=s_2_46&otracker=search&fm=organic&iid=594c5e7c-77c6-4c56-bcf1-d467b0a39bf7.SNDGY9QDCNZMYUAZ.SEARCH&ppt=None&ppn=None&ssid=sa3mkkkak00000001745986504579&qH=569084f9cab6eba9,389.0,1299,70,70.05
CAMPUS,https://www.flipkart.com/campus-terminator-n-running-shoes-men/p/itm29ac3efb0d51d?pid=SHOG2QYYC4PZRWAF&lid=LSTSHOG2QYYC4PZRWAFCOQDPP&marketplace=FLIPKART&q=footwear&store=osp&srno=s_2_47&otracker=search&fm=organic&iid=en_O3P05Vq6ODVne9yTcPihB6q8nb1153lWoByJ3u399gNifB6e_JuZXIhnxF41KDtABbiHW-b1wU_z0ZcoTYQhLg%3D%3D&ppt=None&ppn=None&ssid=sa3mkkkak00000001745986504579&qH=569084f9cab6eba9,1554.0,2299,32,32.41
Abros,https://www.flipkart.com/abros-zona-n-running-shoes-men/p/itm54c514ed8e2f2?pid=SHOGC2M9GVV4GGT9&lid=LSTSHOGC2M9GVV4GGT9XW65X0&marketplace=FLIPKART&q=footwear&store=osp&srno=s_2_48&otracker=search&fm=organic&iid=en_O3P05Vq6ODVne9yTcPihB6q8nb1153lWoByJ3u399gNFE8-32GGBrsE3wwDXdzNh7nOlBFfpY-luPzTIgn1D2A%3D%3D&ppt=None&ppn=None&ssid=sa3mkkkak00000001745986504579&qH=569084f9cab6eba9,783.0,1119,30,30.03
Zixer,https://www.flipkart.com/zixer-men-high-top-fashion-sneakers-sports-ankle-casual-shoes-latest-style-tops/p/itmd225f07372200?pid=SHOG73SFCEGGVCRD&lid=LSTSHOG73SFCEGGVCRDFTJR6Z&marketplace=FLIPKART&q=footwear&store=osp&srno=s_2_49&otracker=search&fm=organic&iid=594c5e7c-77c6-4c56-bcf1-d467b0a39bf7.SHOG73SFCEGGVCRD.SEARCH&ppt=None&ppn=None&ssid=sa3mkkkak00000001745986504579&qH=569084f9cab6eba9,842.0,1999,57,57.88
BERSACHE,https://www.flipkart.com/bersache-men-sandals/p/itm9230c1b08622c?pid=SNDHFT66MNVEFKVA&lid=LSTSNDHFT66MNVEFKVAV37QDA&marketplace=FLIPKART&q=footwear&store=osp&srno=s_2_50&otracker=search&fm=organic&iid=594c5e7c-77c6-4c56-bcf1-d467b0a39bf7.SNDHFT66MNVEFKVA.SEARCH&ppt=None&ppn=None&ssid=sa3mkkkak00000001745986504579&qH=569084f9cab6eba9,595.0,998,40,40.38
CAMPUS,https://www.flipkart.com/campus-north-plus-walking-shoes-men/p/itm9669687c56df2?pid=SHOFY4DPNNKQ5AD4&lid=LSTSHOFY4DPNNKQ5AD4LV31RI&marketplace=FLIPKART&q=footwear&store=osp&srno=s_2_51&otracker=search&fm=organic&iid=en_O3P05Vq6ODVne9yTcPihB6q8nb1153lWoByJ3u399gMY4snRNkIjk9yirIrBEJtjLjDEw9D2OglkDZ2m9RxD_g%3D%3D&ppt=None&ppn=None&ssid=sa3mkkkak00000001745986504579&qH=569084f9cab6eba9,1332.0,1899,29,29.86
Wildcraft,https://www.flipkart.com/wildcraft-outdoor-men-sports-sandals/p/itm611ebcfe05e06?pid=SNDG5FR5JE22G9ZZ&lid=LSTSNDG5FR5JE22G9ZZNMZUUX&marketplace=FLIPKART&q=footwear&store=osp&srno=s_2_52&otracker=search&fm=organic&iid=en_O3P05Vq6ODVne9yTcPihB6q8nb1153lWoByJ3u399gMDI2PG-2WRFHBZqc4VhOawQkhXLKU76cEGytO0Z-xiZfUFjCTyOHoHZs-Z5_PS_w0%3D&ppt=None&ppn=None&ssid=sa3mkkkak00000001745986504579&qH=569084f9cab6eba9,818.0,1999,59,59.08
BERSACHE,https://www.flipkart.com/bersache-men-sandals/p/itm2193bc4a1ace1?pid=SNDGY5FYHFSHUCMA&lid=LSTSNDGY5FYHFSHUCMA4UNYUC&marketplace=FLIPKART&q=footwear&store=osp&srno=s_2_53&otracker=search&fm=organic&iid=594c5e7c-77c6-4c56-bcf1-d467b0a39bf7.SNDGY5FYHFSHUCMA.SEARCH&ppt=None&ppn=None&ssid=sa3mkkkak00000001745986504579&qH=569084f9cab6eba9,500.0,998,49,49.9
BERSACHE,https://www.flipkart.com/bersache-men-sandals/p/itmeb74a807168a0?pid=SNDGV8J3DN76HDGT&lid=LSTSNDGV8J3DN76HDGTV1LENO&marketplace=FLIPKART&q=footwear&store=osp&srno=s_2_54&otracker=search&fm=organic&iid=594c5e7c-77c6-4c56-bcf1-d467b0a39bf7.SNDGV8J3DN76HDGT.SEARCH&ppt=None&ppn=None&ssid=sa3mkkkak00000001745986504579&qH=569084f9cab6eba9,451.0,998,54,54.81
Fortex,https://www.flipkart.com/fortex-men-casual/p/itmddd32df7376a5?pid=SNDGY9QDFVYGBUZR&lid=LSTSNDGY9QDFVYGBUZR3ZVAUN&marketplace=FLIPKART&q=footwear&store=osp&srno=s_2_55&otracker=search&fm=organic&iid=594c5e7c-77c6-4c56-bcf1-d467b0a39bf7.SNDGY9QDFVYGBUZR.SEARCH&ppt=None&ppn=None&ssid=sa3mkkkak00000001745986504579&qH=569084f9cab6eba9,395.0,1299,69,69.59
BERSACHE,https://www.flipkart.com/bersache-men-sandals/p/itme5df32632d20a?pid=SNDGV8J34YA8P7GN&lid=LSTSNDGV8J34YA8P7GNGDJEKC&marketplace=FLIPKART&q=footwear&store=osp&srno=s_2_56&otracker=search&fm=organic&iid=594c5e7c-77c6-4c56-bcf1-d467b0a39bf7.SNDGV8J34YA8P7GN.SEARCH&ppt=None&ppn=None&ssid=sa3mkkkak00000001745986504579&qH=569084f9cab6eba9,455.0,998,54,54.41
RED TAPE,https://www.flipkart.com/red-tape-men-clogs/p/itm2e7ee1397e659?pid=SNDGW9HXJ5CZ8WXM&lid=LSTSNDGW9HXJ5CZ8WXMIHYL9U&marketplace=FLIPKART&q=footwear&store=osp&srno=s_2_57&otracker=search&fm=organic&iid=en_O3P05Vq6ODVne9yTcPihB6q8nb1153lWoByJ3u399gM2quG-Ww6VTj3hQ_grBRfZZauFy69yhsV2kLTCQo2ZZPUFjCTyOHoHZs-Z5_PS_w0%3D&ppt=None&ppn=None&ssid=sa3mkkkak00000001745986504579&qH=569084f9cab6eba9,669.0,3199,79,79.09
GO RIDE,https://www.flipkart.com/go-ride-running-shoes-men/p/itma84f0d68d713b?pid=SHOGFGGW2FPGGVU8&lid=LSTSHOGFGGW2FPGGVU8AZ3CFY&marketplace=FLIPKART&q=footwear&store=osp&srno=s_2_58&otracker=search&fm=organic&iid=en_O3P05Vq6ODVne9yTcPihB6q8nb1153lWoByJ3u399gNWdIHm6tsUJshoC-dRZydkJ-DNr4GdUjgH665g3e4DOg%3D%3D&ppt=None&ppn=None&ssid=sa3mkkkak00000001745986504579&qH=569084f9cab6eba9,1261.0,1749,27,27.9
BERSACHE,https://www.flipkart.com/bersache-men-sandals/p/itmb7c840cb7e0d6?pid=SNDGVBMJAB3FU4MZ&lid=LSTSNDGVBMJAB3FU4MZUMGJWU&marketplace=FLIPKART&q=footwear&store=osp&srno=s_2_59&otracker=search&fm=organic&iid=594c5e7c-77c6-4c56-bcf1-d467b0a39bf7.SNDGVBMJAB3FU4MZ.SEARCH&ppt=None&ppn=None&ssid=sa3mkkkak00000001745986504579&qH=569084f9cab6eba9,500.0,998,49,49.9
BERSACHE,https://www.flipkart.com/bersache-men-sandals/p/itmc442705bc25f1?pid=SNDGVBMKFMGZGC2N&lid=LSTSNDGVBMKFMGZGC2NP5KNRL&marketplace=FLIPKART&q=footwear&store=osp&srno=s_2_60&otracker=search&fm=organic&iid=594c5e7c-77c6-4c56-bcf1-d467b0a39bf7.SNDGVBMKFMGZGC2N.SEARCH&ppt=None&ppn=None&ssid=sa3mkkkak00000001745986504579&qH=569084f9cab6eba9,455.0,998,54,54.41
CAMPUS,https://www.flipkart.com/campus-first-men-s-sports-shoes-pu-foam-comfort-ball-tech-support-lace-up-running-men/p/itmafd353906016a?pid=SHOGFGMBHP6VMXGZ&lid=LSTSHOGFGMBHP6VMXGZEV65WU&marketplace=FLIPKART&q=footwear&store=osp&srno=s_2_61&otracker=search&fm=organic&iid=en_O3P05Vq6ODVne9yTcPihB6q8nb1153lWoByJ3u399gMTfVi3YAkzzFLcMbrrbSYl-j06nx1vrM9z8kvGnebYQA%3D%3D&ppt=None&ppn=None&ssid=sa3mkkkak00000001745986504579&qH=569084f9cab6eba9,1366.0,1899,28,28.07
CAMPUS,https://www.flipkart.com/campus-camp-karl-running-shoes-men/p/itmc0c98cdd03aaf?pid=SHOGHXHCQMWHV2UQ&lid=LSTSHOGHXHCQMWHV2UQXCWU2Q&marketplace=FLIPKART&q=footwear&store=osp&srno=s_2_62&otracker=search&fm=organic&iid=en_O3P05Vq6ODVne9yTcPihB6q8nb1153lWoByJ3u399gOVRU7XcLfZvwgsdknlt06zACJMe3KOn24h7dCT4AjqKIE8waCTrWcncKeK_ydPfoM%3D&ppt=None&ppn=None&ssid=sa3mkkkak00000001745986504579&qH=569084f9cab6eba9,1110.0,1599,30,30.58
Sparx,https://www.flipkart.com/sparx-ss-485-men-sports-sandals/p/itma1d6f5ef7ebd0?pid=SNDGF8H4NSHBYKWQ&lid=LSTSNDGF8H4NSHBYKWQJEFCYT&marketplace=FLIPKART&q=footwear&store=osp&srno=s_2_63&otracker=search&fm=organic&iid=594c5e7c-77c6-4c56-bcf1-d467b0a39bf7.SNDGF8H4NSHBYKWQ.SEARCH&ppt=None&ppn=None&ssid=sa3mkkkak00000001745986504579&qH=569084f9cab6eba9,874.0,1249,30,30.02
BERSACHE,https://www.flipkart.com/bersache-men-sandals/p/itm6d0af3ece72ef?pid=SNDGVBMJKXCGQBQS&lid=LSTSNDGVBMJKXCGQBQSPXHY7T&marketplace=FLIPKART&q=footwear&store=osp&srno=s_2_64&otracker=search&fm=organic&iid=594c5e7c-77c6-4c56-bcf1-d467b0a39bf7.SNDGVBMJKXCGQBQS.SEARCH&ppt=None&ppn=None&ssid=sa3mkkkak00000001745986504579&qH=569084f9cab6eba9,500.0,998,49,49.9
Fortex,https://www.flipkart.com/fortex-men-casual/p/itm9ba9bdec84e38?pid=SNDGY9QDVCA9ZYFE&lid=LSTSNDGY9QDVCA9ZYFER4CSYT&marketplace=FLIPKART&q=footwear&store=osp&srno=s_2_65&otracker=search&fm=organic&iid=594c5e7c-77c6-4c56-bcf1-d467b0a39bf7.SNDGY9QDVCA9ZYFE.SEARCH&ppt=None&ppn=None&ssid=sa3mkkkak00000001745986504579&qH=569084f9cab6eba9,433.0,1299,66,66.67
BIRDE,https://www.flipkart.com/birde-men-clogs/p/itm4095503ded254?pid=SNDH32KFQMT5CYSB&lid=LSTSNDH32KFQMT5CYSBOLNQ7X&marketplace=FLIPKART&q=footwear&store=osp&srno=s_2_66&otracker=search&fm=organic&iid=594c5e7c-77c6-4c56-bcf1-d467b0a39bf7.SNDH32KFQMT5CYSB.SEARCH&ppt=None&ppn=None&ssid=sa3mkkkak00000001745986504579&qH=569084f9cab6eba9,328.0,999,67,67.17
Adbee,https://www.flipkart.com/adbee-shoes-pads-soft-insole-sole-protector-pu-foam-5d-cushion-men-women-form-full-length-sports-shoe/p/itmb501cf541904d?pid=ISEHY9GN6DZHTSDT&lid=LSTISEHY9GN6DZHTSDT9ZVOLP&marketplace=FLIPKART&q=footwear&store=osp&srno=s_2_67&otracker=search&fm=organic&iid=en_O3P05Vq6ODVne9yTcPihB6q8nb1153lWoByJ3u399gNE5q4iokW4Bm0kJ7ZfjIDc8BYxh9CZbTa-qoHQO0GiZQ%3D%3D&ppt=None&ppn=None&ssid=sa3mkkkak00000001745986504579&qH=569084f9cab6eba9,167.0,599,72,72.12
RED TAPE,https://www.flipkart.com/red-tape-men-clogs/p/itm10f6fcd50ca77?pid=SNDGXHYPXZUKXH2K&lid=LSTSNDGXHYPXZUKXH2KN1XFJW&marketplace=FLIPKART&q=footwear&store=osp&srno=s_2_68&otracker=search&fm=organic&iid=en_O3P05Vq6ODVne9yTcPihB6q8nb1153lWoByJ3u399gPpHWVtWuOMwO0AaJmYEpVqGvhaZrLGySWAQvF3X5oxaBhTy0lUJ14SzoMSv_CzLF0%3D&ppt=None&ppn=None&ssid=sa3mkkkak00000001745986504579&qH=569084f9cab6eba9,749.0,3599,79,79.19
BERSACHE,https://www.flipkart.com/bersache-men-casual/p/itm468d3185ed25c?pid=SNDGZ9F5SRB7CJWV&lid=LSTSNDGZ9F5SRB7CJWV81IHSA&marketplace=FLIPKART&q=footwear&store=osp&srno=s_2_69&otracker=search&fm=organic&iid=594c5e7c-77c6-4c56-bcf1-d467b0a39bf7.SNDGZ9F5SRB7CJWV.SEARCH&ppt=None&ppn=None&ssid=sa3mkkkak00000001745986504579&qH=569084f9cab6eba9,500.0,998,49,49.9
Fortex,https://www.flipkart.com/fortex-men-casual/p/itm0df7f713c8c06?pid=SNDGY9QDHYWHTSFP&lid=LSTSNDGY9QDHYWHTSFPXAN6MT&marketplace=FLIPKART&q=footwear&store=osp&srno=s_2_70&otracker=search&fm=organic&iid=594c5e7c-77c6-4c56-bcf1-d467b0a39bf7.SNDGY9QDHYWHTSFP.SEARCH&ppt=None&ppn=None&ssid=sa3mkkkak00000001745986504579&qH=569084f9cab6eba9,480.0,1299,63,63.05
RED TAPE,https://www.flipkart.com/red-tape-men-clogs/p/itmea1db41c24707?pid=SNDGW9HXMFEEBFF7&lid=LSTSNDGW9HXMFEEBFF713582A&marketplace=FLIPKART&q=footwear&store=osp&srno=s_2_71&otracker=search&fm=organic&iid=en_O3P05Vq6ODVne9yTcPihB6q8nb1153lWoByJ3u399gNEvndxK1gB5oeeW1a8fokR9M5dIBLlZ-krG5kWlmolFH3Gaq_wzx4HJysDmGalzMk%3D&ppt=None&ppn=None&ssid=sa3mkkkak00000001745986504579&qH=569084f9cab6eba9,669.0,3199,79,79.09
Abros,https://www.flipkart.com/abros-vulcan-running-shoes-men/p/itmc49faed485ec9?pid=SHOH3XYAEXFQCSZR&lid=LSTSHOH3XYAEXFQCSZRT9RJGW&marketplace=FLIPKART&q=footwear&store=osp&srno=s_2_72&otracker=search&fm=organic&iid=en_O3P05Vq6ODVne9yTcPihB6q8nb1153lWoByJ3u399gOZ_P-OQYxltPxcMs2ceEMqOzMEq0TM6I_vil4OFpaYHOo15S0a61Wzzbg3qNOknKY%3D&ppt=None&ppn=None&ssid=sa3mkkkak00000001745986504579&qH=569084f9cab6eba9,1079.0,2399,55,55.02
aadi,https://www.flipkart.com/aadi-men-sandals/p/itm59812203ec39b?pid=SNDG4JG4AGZ66BVZ&lid=LSTSNDG4JG4AGZ66BVZYV3R0N&marketplace=FLIPKART&q=footwear&store=osp&srno=s_2_73&otracker=search&fm=organic&iid=594c5e7c-77c6-4c56-bcf1-d467b0a39bf7.SNDG4JG4AGZ66BVZ.SEARCH&ppt=None&ppn=None&ssid=sa3mkkkak00000001745986504579&qH=569084f9cab6eba9,383.0,1999,80,80.84
BERSACHE,https://www.flipkart.com/bersache-men-clogs/p/itmb4d4a245360cf?pid=SNDHYKSGBFPMMHGU&lid=LSTSNDHYKSGBFPMMHGUQX5UAE&marketplace=FLIPKART&q=footwear&store=osp&srno=s_2_74&otracker=search&fm=organic&iid=594c5e7c-77c6-4c56-bcf1-d467b0a39bf7.SNDHYKSGBFPMMHGU.SEARCH&ppt=None&ppn=None&ssid=sa3mkkkak00000001745986504579&qH=569084f9cab6eba9,500.0,998,49,49.9
BERSACHE,https://www.flipkart.com/bersache-men-sandals/p/itma0899ab7c44ea?pid=SNDHFT66QBYSQ4BN&lid=LSTSNDHFT66QBYSQ4BN4C1W49&marketplace=FLIPKART&q=footwear&store=osp&srno=s_2_75&otracker=search&fm=organic&iid=594c5e7c-77c6-4c56-bcf1-d467b0a39bf7.SNDHFT66QBYSQ4BN.SEARCH&ppt=None&ppn=None&ssid=sa3mkkkak00000001745986504579&qH=569084f9cab6eba9,489.0,998,51,51.0
Fortex,https://www.flipkart.com/fortex-men-casual/p/itme8493b3caa566?pid=SNDGY9QDMUJZZRYG&lid=LSTSNDGY9QDMUJZZRYGD8NHXR&marketplace=FLIPKART&q=footwear&store=osp&srno=s_2_76&otracker=search&fm=organic&iid=594c5e7c-77c6-4c56-bcf1-d467b0a39bf7.SNDGY9QDMUJZZRYG.SEARCH&ppt=None&ppn=None&ssid=sa3mkkkak00000001745986504579&qH=569084f9cab6eba9,764.0,1299,41,41.19
KILLER,https://www.flipkart.com/killer-kl8040-lightweight-comfort-summer-trendy-premium-stylish-loafers-men/p/itm12f9cddf890f4?pid=SHOGFEDZT6RAHH3Y&lid=LSTSHOGFEDZT6RAHH3YNQVR9C&marketplace=FLIPKART&q=footwear&store=osp&srno=s_2_77&otracker=search&fm=organic&iid=en_O3P05Vq6ODVne9yTcPihB6q8nb1153lWoByJ3u399gOKQ3XWvHE7Yptuk6k-ejRZZJB2OprK38mxYimmtj6yMQ%3D%3D&ppt=None&ppn=None&ssid=sa3mkkkak00000001745986504579&qH=569084f9cab6eba9,749.0,3499,78,78.59
CAMPUS,https://www.flipkart.com/campus-oxyfit-n-men-s-casual-shoes-memory-foam-pillofoam-comfort-slip-on-walking-men/p/itmd25926768544e?pid=SHOGA3HATAZC3BVG&lid=LSTSHOGA3HATAZC3BVG603TGR&marketplace=FLIPKART&q=footwear&store=osp&srno=s_2_78&otracker=search&fm=organic&iid=en_O3P05Vq6ODVne9yTcPihB6q8nb1153lWoByJ3u399gOsUFGUbWCez7Bg3dQ0mnc50bF3Glg6DZ9LhgDeOEmDoK8iqbiwhGf4dwbXVx7ZSks%3D&ppt=None&ppn=None&ssid=sa3mkkkak00000001745986504579&qH=569084f9cab6eba9,832.0,999,16,16.72
BRUTON,https://www.flipkart.com/bruton-men-sandals/p/itmb26e403e7c7e0?pid=SNDGE638Z2DJCGCN&lid=LSTSNDGE638Z2DJCGCNIPCTYO&marketplace=FLIPKART&q=footwear&store=osp&srno=s_2_79&otracker=search&fm=organic&iid=594c5e7c-77c6-4c56-bcf1-d467b0a39bf7.SNDGE638Z2DJCGCN.SEARCH&ppt=None&ppn=None&ssid=sa3mkkkak00000001745986504579&qH=569084f9cab6eba9,317.0,1299,75,75.6
BERSACHE,https://www.flipkart.com/bersache-men-sandals/p/itm5ca15eed7a051?pid=SNDHFT66AWYK7SNF&lid=LSTSNDHFT66AWYK7SNFWASMHD&marketplace=FLIPKART&q=footwear&store=osp&srno=s_2_80&otracker=search&fm=organic&iid=594c5e7c-77c6-4c56-bcf1-d467b0a39bf7.SNDHFT66AWYK7SNF.SEARCH&ppt=None&ppn=None&ssid=sa3mkkkak00000001745986504579&qH=569084f9cab6eba9,489.0,998,51,51.0
aadi,https://www.flipkart.com/aadi-men-sandals/p/itm59812203ec39b?pid=SNDG4JHNQ6TYFVJG&lid=LSTSNDG4JHNQ6TYFVJGW0IHKU&marketplace=FLIPKART&q=footwear&store=osp&srno=s_3_81&otracker=search&fm=organic&iid=en_RNA44mkyGvDOSjgARAg57wD5VuepXndBSGuIAyxD3Hd0EofRNwoQ6GjlP57_QZ1vkjqGoJ2kAOhAcu9LsaWuXg%3D%3D&ppt=None&ppn=None&ssid=fih2qdvk280000001745986507069&qH=569084f9cab6eba9,411.0,1999,79,79.44
Abros,https://www.flipkart.com/abros-carter-running-shoes-men/p/itma2c46b7e677e8?pid=SHOH42AA94HXHHGP&lid=LSTSHOH42AA94HXHHGPQXXSBY&marketplace=FLIPKART&q=footwear&store=osp&srno=s_3_82&otracker=search&fm=organic&iid=en_RNA44mkyGvDOSjgARAg57wD5VuepXndBSGuIAyxD3HednM_xajNade6ymm9N1ZFVQlSIPjksVHuVzNfOVAcaCvUFjCTyOHoHZs-Z5_PS_w0%3D&ppt=None&ppn=None&ssid=fih2qdvk280000001745986507069&qH=569084f9cab6eba9,719.0,1599,55,55.03
VECHLO,https://www.flipkart.com/vechlo-stylish-waterproof-light-weight-comfortable-trendy-dailywear-synthetic-men-sandals/p/itm900064b0a2a61?pid=SNDH2DAAWBUHEJYZ&lid=LSTSNDH2DAAWBUHEJYZGWQARW&marketplace=FLIPKART&q=footwear&store=osp&srno=s_3_83&otracker=search&fm=organic&iid=b29f19fd-5975-4354-a310-e03da6899eac.SNDH2DAAWBUHEJYZ.SEARCH&ppt=None&ppn=None&ssid=fih2qdvk280000001745986507069&qH=569084f9cab6eba9,500.0,999,49,49.95
BIRDE,https://www.flipkart.com/birde-stylish-comfortable-lightweight-breathable-shoes-casuals-men/p/itmeb64f3a9ce029?pid=SHOGEP2JGGHYEPZ7&lid=LSTSHOGEP2JGGHYEPZ7R05NYY&marketplace=FLIPKART&q=footwear&store=osp&srno=s_3_84&otracker=search&fm=organic&iid=b29f19fd-5975-4354-a310-e03da6899eac.SHOGEP2JGGHYEPZ7.SEARCH&ppt=None&ppn=None&ssid=fih2qdvk280000001745986507069&qH=569084f9cab6eba9,391.0,999,60,60.86
World Wear Footwear,https://www.flipkart.com/world-wear-footwear-running-shoes-men/p/itm4c7e5b76249a0?pid=SHOG3N2FJHJWZB7F&lid=LSTSHOG3N2FJHJWZB7FWTCI4A&marketplace=FLIPKART&q=footwear&store=osp&srno=s_3_85&otracker=search&fm=organic&iid=b29f19fd-5975-4354-a310-e03da6899eac.SHOG3N2FJHJWZB7F.SEARCH&ppt=None&ppn=None&ssid=fih2qdvk280000001745986507069&qH=569084f9cab6eba9,429.0,499,14,14.03
BIRDE,https://www.flipkart.com/birde-pack-2-men-sandals/p/itm68b98c8cdff11?pid=SNDGZFH8FHBPKSE7&lid=LSTSNDGZFH8FHBPKSE7AUTX9B&marketplace=FLIPKART&q=footwear&store=osp&srno=s_3_86&otracker=search&fm=organic&iid=b29f19fd-5975-4354-a310-e03da6899eac.SNDGZFH8FHBPKSE7.SEARCH&ppt=None&ppn=None&ssid=fih2qdvk280000001745986507069&qH=569084f9cab6eba9,498.0,1998,75,75.08
JQR,https://www.flipkart.com/jqr-dj-sports-shoes-walking-lightweight-trekking-stylish-running-shoes-men/p/itmcc0f5983b0567?pid=SHOG4PAHCY2JMVSQ&lid=LSTSHOG4PAHCY2JMVSQCJ226H&marketplace=FLIPKART&q=footwear&store=osp&srno=s_3_87&otracker=search&fm=organic&iid=en_RNA44mkyGvDOSjgARAg57wD5VuepXndBSGuIAyxD3HfyDU9LwMbRquzhjNr-90CI7e87_E3pKYmKSI02qF2Qjw%3D%3D&ppt=None&ppn=None&ssid=fih2qdvk280000001745986507069&qH=569084f9cab6eba9,909.0,1299,30,30.02
aadi,https://www.flipkart.com/aadi-men-sandals/p/itm63d5eeded4d21?pid=SNDH438JNVA4JTTK&lid=LSTSNDH438JNVA4JTTKV3VH8G&marketplace=FLIPKART&q=footwear&store=osp&srno=s_3_88&otracker=search&fm=organic&iid=en_RNA44mkyGvDOSjgARAg57wD5VuepXndBSGuIAyxD3He_sOrCywsyGW1LpYjS31IF49WxRoVImbWsymsPWYECTw%3D%3D&ppt=None&ppn=None&ssid=fih2qdvk280000001745986507069&qH=569084f9cab6eba9,469.0,1999,76,76.54
BIRDE,https://www.flipkart.com/birde-pack-2-men-sandals/p/itm7985b348807ac?pid=SNDGZFH8P8J8MHMS&lid=LSTSNDGZFH8P8J8MHMSPPV9UL&marketplace=FLIPKART&q=footwear&store=osp&srno=s_3_89&otracker=search&fm=organic&iid=b29f19fd-5975-4354-a310-e03da6899eac.SNDGZFH8P8J8MHMS.SEARCH&ppt=None&ppn=None&ssid=fih2qdvk280000001745986507069&qH=569084f9cab6eba9,498.0,1998,75,75.08
BIRDE,https://www.flipkart.com/birde-pack-2-men-sandals/p/itm96e5321443304?pid=SNDGZFH9XZH7MFNG&lid=LSTSNDGZFH9XZH7MFNGAXDU0C&marketplace=FLIPKART&q=footwear&store=osp&srno=s_3_90&otracker=search&fm=organic&iid=b29f19fd-5975-4354-a310-e03da6899eac.SNDGZFH9XZH7MFNG.SEARCH&ppt=None&ppn=None&ssid=fih2qdvk280000001745986507069&qH=569084f9cab6eba9,498.0,1998,75,75.08
BRUTON,https://www.flipkart.com/bruton-men-sandals/p/itm22a5edf1ed4bc?pid=SNDH27K3CMQJZ29U&lid=LSTSNDH27K3CMQJZ29UBFWNUB&marketplace=FLIPKART&q=footwear&store=osp&srno=s_3_91&otracker=search&fm=organic&iid=en_RNA44mkyGvDOSjgARAg57wD5VuepXndBSGuIAyxD3HeXUJJrsDdA5GbaP1slDPWltnsBBsOu-BvDJjy1E1MkQA%3D%3D&ppt=None&ppn=None&ssid=fih2qdvk280000001745986507069&qH=569084f9cab6eba9,297.0,1299,77,77.14
BIRDE,https://www.flipkart.com/birde-premium-clogs-men-sandals/p/itmc30b362408377?pid=SNDGHVNHCZUDSJ6H&lid=LSTSNDGHVNHCZUDSJ6HK1XL5B&marketplace=FLIPKART&q=footwear&store=osp&srno=s_3_92&otracker=search&fm=organic&iid=en_RNA44mkyGvDOSjgARAg57wD5VuepXndBSGuIAyxD3HdSp7JpQZSsIMouLs0DrpsrTb7JowFw_Pzd6QjMYIu6gA%3D%3D&ppt=None&ppn=None&ssid=fih2qdvk280000001745986507069&qH=569084f9cab6eba9,299.0,999,70,70.07
RED TAPE,https://www.flipkart.com/red-tape-men-clogs/p/itma0865272c9e2b?pid=SNDGWY3ZHWQKMHZE&lid=LSTSNDGWY3ZHWQKMHZERFVWYC&marketplace=FLIPKART&q=footwear&store=osp&srno=s_3_93&otracker=search&fm=organic&iid=b29f19fd-5975-4354-a310-e03da6899eac.SNDGWY3ZHWQKMHZE.SEARCH&ppt=None&ppn=None&ssid=fih2qdvk280000001745986507069&qH=569084f9cab6eba9,543.0,3499,84,84.48
BIRDE,https://www.flipkart.com/birde-stylish-comfortable-lightweight-regular-wear-men-navy-casual-sandals/p/itmf085caaf3f6c3?pid=SNDGGJET29FSNJU8&lid=LSTSNDGGJET29FSNJU8VBEXTC&marketplace=FLIPKART&q=footwear&store=osp&srno=s_3_94&otracker=search&fm=organic&iid=b29f19fd-5975-4354-a310-e03da6899eac.SNDGGJET29FSNJU8.SEARCH&ppt=None&ppn=None&ssid=fih2qdvk280000001745986507069&qH=569084f9cab6eba9,277.0,999,72,72.27
AMICO,https://www.flipkart.com/amico-men-sandals/p/itm2f9b25e60a3a6?pid=SNDH2Z8ZHZRMX3HP&lid=LSTSNDH2Z8ZHZRMX3HPXTBXXG&marketplace=FLIPKART&q=footwear&store=osp&srno=s_3_95&otracker=search&fm=organic&iid=b29f19fd-5975-4354-a310-e03da6899eac.SNDH2Z8ZHZRMX3HP.SEARCH&ppt=None&ppn=None&ssid=fih2qdvk280000001745986507069&qH=569084f9cab6eba9,469.0,1499,68,68.71
BRUTON,https://www.flipkart.com/bruton-men-sandals/p/itm974f8b5426a40?pid=SNDGZFYF8RGMJ4EQ&lid=LSTSNDGZFYF8RGMJ4EQ8DIXCF&marketplace=FLIPKART&q=footwear&store=osp&srno=s_3_96&otracker=search&fm=organic&iid=b29f19fd-5975-4354-a310-e03da6899eac.SNDGZFYF8RGMJ4EQ.SEARCH&ppt=None&ppn=None&ssid=fih2qdvk280000001745986507069&qH=569084f9cab6eba9,272.0,1299,79,79.06
AJANTA,https://www.flipkart.com/ajanta-men-slides/p/itm3420059bc7d22?pid=SFFGDK63AFMMFVGE&lid=LSTSFFGDK63AFMMFVGEZSGKHP&marketplace=FLIPKART&q=footwear&store=osp&srno=s_3_97&otracker=search&fm=organic&iid=en_RNA44mkyGvDOSjgARAg57wD5VuepXndBSGuIAyxD3Hchb_eZF1ssOwUpNTM34OjVLJvKFvCSYTArmWRG1vE4_vUFjCTyOHoHZs-Z5_PS_w0%3D&ppt=None&ppn=None&ssid=fih2qdvk280000001745986507069&qH=569084f9cab6eba9,209.0,699,70,70.1
aadi,https://www.flipkart.com/aadi-men-clogs/p/itm1d8f453cbb39d?pid=SNDGX32UUGZBHSNZ&lid=LSTSNDGX32UUGZBHSNZ4V4PDH&marketplace=FLIPKART&q=footwear&store=osp&srno=s_3_98&otracker=search&fm=organic&iid=en_RNA44mkyGvDOSjgARAg57wD5VuepXndBSGuIAyxD3HdfcjSvl9R1vjQMRniSIR89hYMW5ZF3NN9pP_ILAJOLWw%3D%3D&ppt=None&ppn=None&ssid=fih2qdvk280000001745986507069&qH=569084f9cab6eba9,368.0,999,63,63.16
BERSACHE,https://www.flipkart.com/bersache-men-sandals/p/itm7cd8dc98d0216?pid=SNDGV8GFRPUHBJPN&lid=LSTSNDGV8GFRPUHBJPNKPGWBF&marketplace=FLIPKART&q=footwear&store=osp&srno=s_3_99&otracker=search&fm=organic&iid=b29f19fd-5975-4354-a310-e03da6899eac.SNDGV8GFRPUHBJPN.SEARCH&ppt=None&ppn=None&ssid=fih2qdvk280000001745986507069&qH=569084f9cab6eba9,295.0,1999,85,85.24
BERSACHE,https://www.flipkart.com/bersache-men-sandals/p/itm9230c1b08622c?pid=SNDHFT66MNVEFKVA&lid=LSTSNDHFT66MNVEFKVAV37QDA&marketplace=FLIPKART&q=footwear&store=osp&srno=s_3_100&otracker=search&fm=organic&iid=b29f19fd-5975-4354-a310-e03da6899eac.SNDHFT66MNVEFKVA.SEARCH&ppt=None&ppn=None&ssid=fih2qdvk280000001745986507069&qH=569084f9cab6eba9,595.0,998,40,40.38
CAMPUS,https://www.flipkart.com/campus-terminator-n-running-shoes-men/p/itm29ac3efb0d51d?pid=SHOG2QYYC4PZRWAF&lid=LSTSHOG2QYYC4PZRWAFY2C8OC&marketplace=FLIPKART&q=footwear&store=osp&srno=s_3_101&otracker=search&fm=organic&iid=en_RNA44mkyGvDOSjgARAg57wD5VuepXndBSGuIAyxD3HdSL5jMPFGqX_15tHP6mQb7u4vW1rdVW7r59eQ9LympkA%3D%3D&ppt=None&ppn=None&ssid=fih2qdvk280000001745986507069&qH=569084f9cab6eba9,1554.0,2299,32,32.41
aadi,https://www.flipkart.com/aadi-men-sandals/p/itm33bb87913ba28?pid=SNDGSEZJ2YBUFTHZ&lid=LSTSNDGSEZJ2YBUFTHZPDAETG&marketplace=FLIPKART&q=footwear&store=osp&srno=s_3_102&otracker=search&fm=organic&iid=en_RNA44mkyGvDOSjgARAg57wD5VuepXndBSGuIAyxD3Hf_k2OG6-qQuQQrv4akzjREwo8dCSqu0JmyFdavsiwvXg%3D%3D&ppt=None&ppn=None&ssid=fih2qdvk280000001745986507069&qH=569084f9cab6eba9,389.0,999,61,61.06
BERSACHE,https://www.flipkart.com/bersache-men-sandals/p/itmd89cabd9d5242?pid=SNDGVBMJTG5TKFXU&lid=LSTSNDGVBMJTG5TKFXUNVZXWT&marketplace=FLIPKART&q=footwear&store=osp&srno=s_3_103&otracker=search&fm=organic&iid=b29f19fd-5975-4354-a310-e03da6899eac.SNDGVBMJTG5TKFXU.SEARCH&ppt=None&ppn=None&ssid=fih2qdvk280000001745986507069&qH=569084f9cab6eba9,589.0,998,40,40.98
BERSACHE,https://www.flipkart.com/bersache-men-sandals/p/itm5961262bcf4cf?pid=SNDGVBMJXF9GVGF2&lid=LSTSNDGVBMJXF9GVGF2LFCZZ9&marketplace=FLIPKART&q=footwear&store=osp&srno=s_3_104&otracker=search&fm=organic&iid=b29f19fd-5975-4354-a310-e03da6899eac.SNDGVBMJXF9GVGF2.SEARCH&ppt=None&ppn=None&ssid=fih2qdvk280000001745986507069&qH=569084f9cab6eba9,591.0,998,40,40.78
ORICUM,https://www.flipkart.com/oricum-men-sandals/p/itm004f8f9e80ef4?pid=SNDGMXJEHCKF2GCF&lid=LSTSNDGMXJEHCKF2GCFH2XI2T&marketplace=FLIPKART&q=footwear&store=osp&srno=s_3_105&otracker=search&fm=organic&iid=b29f19fd-5975-4354-a310-e03da6899eac.SNDGMXJEHCKF2GCF.SEARCH&ppt=None&ppn=None&ssid=fih2qdvk280000001745986507069&qH=569084f9cab6eba9,422.0,998,57,57.72
BERSACHE,https://www.flipkart.com/bersache-men-sandals/p/itma0899ab7c44ea?pid=SNDHFT66QBYSQ4BN&lid=LSTSNDHFT66QBYSQ4BN4C1W49&marketplace=FLIPKART&q=footwear&store=osp&srno=s_3_106&otracker=search&fm=organic&iid=b29f19fd-5975-4354-a310-e03da6899eac.SNDHFT66QBYSQ4BN.SEARCH&ppt=None&ppn=None&ssid=fih2qdvk280000001745986507069&qH=569084f9cab6eba9,489.0,998,51,51.0
CAMPUS,https://www.flipkart.com/campus-north-plus-walking-shoes-men/p/itm9669687c56df2?pid=SHOFY4DPNNKQ5AD4&lid=LSTSHOFY4DPNNKQ5AD4LV31RI&marketplace=FLIPKART&q=footwear&store=osp&srno=s_3_107&otracker=search&fm=organic&iid=en_RNA44mkyGvDOSjgARAg57wD5VuepXndBSGuIAyxD3Hf9LYFMnFNuZ5FagMNzvGB89vRbI-E3egd7--U_QCN5fU4IsYyWu-Pj9cxFjFAoaLk%3D&ppt=None&ppn=None&ssid=fih2qdvk280000001745986507069&qH=569084f9cab6eba9,1332.0,1899,29,29.86
Wildcraft,https://www.flipkart.com/wildcraft-outdoor-men-sports-sandals/p/itm611ebcfe05e06?pid=SNDG5FR5JE22G9ZZ&lid=LSTSNDG5FR5JE22G9ZZNMZUUX&marketplace=FLIPKART&q=footwear&store=osp&srno=s_3_108&otracker=search&fm=organic&iid=en_RNA44mkyGvDOSjgARAg57wD5VuepXndBSGuIAyxD3HeEbO1Y5kuBemg0aOgfnVCBzxHMxlR8uElopoBidb9blhhTy0lUJ14SzoMSv_CzLF0%3D&ppt=None&ppn=None&ssid=fih2qdvk280000001745986507069&qH=569084f9cab6eba9,818.0,1999,59,59.08
BERSACHE,https://www.flipkart.com/bersache-men-sandals/p/itm5ca15eed7a051?pid=SNDHFT66AWYK7SNF&lid=LSTSNDHFT66AWYK7SNFWASMHD&marketplace=FLIPKART&q=footwear&store=osp&srno=s_3_109&otracker=search&fm=organic&iid=b29f19fd-5975-4354-a310-e03da6899eac.SNDHFT66AWYK7SNF.SEARCH&ppt=None&ppn=None&ssid=fih2qdvk280000001745986507069&qH=569084f9cab6eba9,489.0,998,51,51.0
BERSACHE,https://www.flipkart.com/bersache-men-clogs/p/itm3884753d5db42?pid=SNDHYWVWW9ZS9GJD&lid=LSTSNDHYWVWW9ZS9GJDFHAWPJ&marketplace=FLIPKART&q=footwear&store=osp&srno=s_3_110&otracker=search&fm=organic&iid=b29f19fd-5975-4354-a310-e03da6899eac.SNDHYWVWW9ZS9GJD.SEARCH&ppt=None&ppn=None&ssid=fih2qdvk280000001745986507069&qH=569084f9cab6eba9,486.0,998,51,51.3
GO RIDE,https://www.flipkart.com/go-ride-running-shoes-men/p/itma84f0d68d713b?pid=SHOGFGGW2FPGGVU8&lid=LSTSHOGFGGW2FPGGVU8AZ3CFY&marketplace=FLIPKART&q=footwear&store=osp&srno=s_3_111&otracker=search&fm=organic&iid=en_RNA44mkyGvDOSjgARAg57wD5VuepXndBSGuIAyxD3HcnTnPRoquzjSi4gmdUnYYQ8IXPw16HlUFBWGDmSFU8bg%3D%3D&ppt=None&ppn=None&ssid=fih2qdvk280000001745986507069&qH=569084f9cab6eba9,1261.0,1749,27,27.9
RED TAPE,https://www.flipkart.com/red-tape-men-clogs/p/itm2e7ee1397e659?pid=SNDGW9HXJ5CZ8WXM&lid=LSTSNDGW9HXJ5CZ8WXMIHYL9U&marketplace=FLIPKART&q=footwear&store=osp&srno=s_3_112&otracker=search&fm=organic&iid=en_RNA44mkyGvDOSjgARAg57wD5VuepXndBSGuIAyxD3HeEHV7ladANio1_uL-aIUSX9veb63dKCTaBv0aSNN6V8uvN4Mn-dv-pi277bRzMbnY%3D&ppt=None&ppn=None&ssid=fih2qdvk280000001745986507069&qH=569084f9cab6eba9,669.0,3199,79,79.09
BERSACHE,https://www.flipkart.com/bersache-men-clogs/p/itmffb3affbab6a7?pid=SNDHYWVYCCQM2JXU&lid=LSTSNDHYWVYCCQM2JXUF9NDOE&marketplace=FLIPKART&q=footwear&store=osp&srno=s_3_113&otracker=search&fm=organic&iid=b29f19fd-5975-4354-a310-e03da6899eac.SNDHYWVYCCQM2JXU.SEARCH&ppt=None&ppn=None&ssid=fih2qdvk280000001745986507069&qH=569084f9cab6eba9,486.0,998,51,51.3
BERSACHE,https://www.flipkart.com/bersache-men-sandals/p/itm7b171358aa3fe?pid=SNDGZ9F5CZMHVY2Z&lid=LSTSNDGZ9F5CZMHVY2ZBUDMX4&marketplace=FLIPKART&q=footwear&store=osp&srno=s_3_114&otracker=search&fm=organic&iid=b29f19fd-5975-4354-a310-e03da6899eac.SNDGZ9F5CZMHVY2Z.SEARCH&ppt=None&ppn=None&ssid=fih2qdvk280000001745986507069&qH=569084f9cab6eba9,457.0,998,54,54.21
BERSACHE,https://www.flipkart.com/bersache-men-casual/p/itme075c5e373f43?pid=SNDGZ9F5VKSQFHJH&lid=LSTSNDGZ9F5VKSQFHJHT3CJ98&marketplace=FLIPKART&q=footwear&store=osp&srno=s_3_115&otracker=search&fm=organic&iid=b29f19fd-5975-4354-a310-e03da6899eac.SNDGZ9F5VKSQFHJH.SEARCH&ppt=None&ppn=None&ssid=fih2qdvk280000001745986507069&qH=569084f9cab6eba9,445.0,998,55,55.41
BERSACHE,https://www.flipkart.com/bersache-men-clogs/p/itmab0596bdb9e74?pid=SNDHYWVWHQZMVYF2&lid=LSTSNDHYWVWHQZMVYF2CFGXVQ&marketplace=FLIPKART&q=footwear&store=osp&srno=s_3_116&otracker=search&fm=organic&iid=b29f19fd-5975-4354-a310-e03da6899eac.SNDHYWVWHQZMVYF2.SEARCH&ppt=None&ppn=None&ssid=fih2qdvk280000001745986507069&qH=569084f9cab6eba9,483.0,998,51,51.6
CAMPUS,https://www.flipkart.com/campus-camp-karl-running-shoes-men/p/itmc0c98cdd03aaf?pid=SHOGHXHCQMWHV2UQ&lid=LSTSHOGHXHCQMWHV2UQXCWU2Q&marketplace=FLIPKART&q=footwear&store=osp&srno=s_3_117&otracker=search&fm=organic&iid=en_RNA44mkyGvDOSjgARAg57wD5VuepXndBSGuIAyxD3He5yd3XVOm8bwPJZkRpH3Y-ACJMe3KOn24h7dCT4AjqKEhz9c-MSIoFe8xMxkfU6dM%3D&ppt=None&ppn=None&ssid=fih2qdvk280000001745986507069&qH=569084f9cab6eba9,1110.0,1599,30,30.58
CAMPUS,https://www.flipkart.com/campus-first-men-s-sports-shoes-pu-foam-comfort-ball-tech-support-lace-up-running-men/p/itmafd353906016a?pid=SHOGFGMBHP6VMXGZ&lid=LSTSHOGFGMBHP6VMXGZEV65WU&marketplace=FLIPKART&q=footwear&store=osp&srno=s_3_118&otracker=search&fm=organic&iid=en_RNA44mkyGvDOSjgARAg57wD5VuepXndBSGuIAyxD3HetRtSlmy6D4tCGsTGjXuAYJi5uTUPwPD7glj-qQhLMqInfEY2D5bWfIUmTlXs_oiU%3D&ppt=None&ppn=None&ssid=fih2qdvk280000001745986507069&qH=569084f9cab6eba9,1366.0,1899,28,28.07
BERSACHE,https://www.flipkart.com/bersache-men-clogs/p/itmd591942241447?pid=SNDHFSFURU6AKKZZ&lid=LSTSNDHFSFURU6AKKZZR58SSR&marketplace=FLIPKART&q=footwear&store=osp&srno=s_3_119&otracker=search&fm=organic&iid=b29f19fd-5975-4354-a310-e03da6899eac.SNDHFSFURU6AKKZZ.SEARCH&ppt=None&ppn=None&ssid=fih2qdvk280000001745986507069&qH=569084f9cab6eba9,489.0,998,51,51.0
BERSACHE,https://www.flipkart.com/bersache-men-sandals/p/itmc3b0fd9da9d83?pid=SNDHFSFTFXJKQQ6M&lid=LSTSNDHFSFTFXJKQQ6MS0I3OC&marketplace=FLIPKART&q=footwear&store=osp&srno=s_3_120&otracker=search&fm=organic&iid=b29f19fd-5975-4354-a310-e03da6899eac.SNDHFSFTFXJKQQ6M.SEARCH&ppt=None&ppn=None&ssid=fih2qdvk280000001745986507069&qH=569084f9cab6eba9,478.0,998,52,52.1
aadi,https://www.flipkart.com/aadi-men-sandals/p/itm59812203ec39b?pid=SNDG4JHNQ6TYFVJG&lid=LSTSNDG4JHNQ6TYFVJGW0IHKU&marketplace=FLIPKART&q=footwear&store=osp&srno=s_4_121&otracker=search&fm=organic&iid=en_xxIDSOesji1r6v2FTH5BS1IIir1X6yqk6qwZCpXndmh3V0RjKJrDszaM3sdk3OxpkjqGoJ2kAOhAcu9LsaWuXg%3D%3D&ppt=None&ppn=None&ssid=tgdv1hdd4w0000001745986509585&qH=569084f9cab6eba9,411.0,1999,79,79.44
Abros,https://www.flipkart.com/abros-carter-running-shoes-men/p/itma2c46b7e677e8?pid=SHOH42AA94HXHHGP&lid=LSTSHOH42AA94HXHHGPQXXSBY&marketplace=FLIPKART&q=footwear&store=osp&srno=s_4_122&otracker=search&fm=organic&iid=en_xxIDSOesji1r6v2FTH5BS1IIir1X6yqk6qwZCpXndmh7gx-lcJUo6As6PqThUnqQQlSIPjksVHuVzNfOVAcaCvUFjCTyOHoHZs-Z5_PS_w0%3D&ppt=None&ppn=None&ssid=tgdv1hdd4w0000001745986509585&qH=569084f9cab6eba9,719.0,1599,55,55.03
BERSACHE,https://www.flipkart.com/bersache-men-sandals/p/itm7646f88a1f4f3?pid=SNDGVBMKZNBUJXXN&lid=LSTSNDGVBMKZNBUJXXNJVZFYC&marketplace=FLIPKART&q=footwear&store=osp&srno=s_4_123&otracker=search&fm=organic&iid=02f9579c-ce04-44d9-9f7a-93b2b1e94c82.SNDGVBMKZNBUJXXN.SEARCH&ppt=None&ppn=None&ssid=tgdv1hdd4w0000001745986509585&qH=569084f9cab6eba9,457.0,998,54,54.21
BERSACHE,https://www.flipkart.com/bersache-men-sandals/p/itm96ef94db79ff3?pid=SNDGV8J3WH5XYJFP&q=footwear&store=osp&srno=s_4_124&otracker=search&fm=organic&iid=02f9579c-ce04-44d9-9f7a-93b2b1e94c82.SNDGV8J3WH5XYJFP.SEARCH&ppt=None&ppn=None&ssid=tgdv1hdd4w0000001745986509585&qH=569084f9cab6eba9,0.0,0,0,0.0
BERSACHE,https://www.flipkart.com/bersache-men-sandals/p/itm73b52a5a0f8a6?pid=SNDHFS7CAG52S55A&lid=LSTSNDHFS7CAG52S55ASKZKTJ&marketplace=FLIPKART&q=footwear&store=osp&srno=s_4_125&otracker=search&fm=organic&iid=02f9579c-ce04-44d9-9f7a-93b2b1e94c82.SNDHFS7CAG52S55A.SEARCH&ppt=None&ppn=None&ssid=tgdv1hdd4w0000001745986509585&qH=569084f9cab6eba9,439.0,998,56,56.01
BERSACHE,https://www.flipkart.com/bersache-men-sandals/p/itmeb74a807168a0?pid=SNDGV8J3DN76HDGT&lid=LSTSNDGV8J3DN76HDGTV1LENO&marketplace=FLIPKART&q=footwear&store=osp&srno=s_4_126&otracker=search&fm=organic&iid=02f9579c-ce04-44d9-9f7a-93b2b1e94c82.SNDGV8J3DN76HDGT.SEARCH&ppt=None&ppn=None&ssid=tgdv1hdd4w0000001745986509585&qH=569084f9cab6eba9,451.0,998,54,54.81
BRUTON,https://www.flipkart.com/bruton-men-sandals/p/itm36f0752568872?pid=SNDGZGFYD5WUJYRU&lid=LSTSNDGZGFYD5WUJYRU4UCW2A&marketplace=FLIPKART&q=footwear&store=osp&srno=s_4_127&otracker=search&fm=organic&iid=en_xxIDSOesji1r6v2FTH5BS1IIir1X6yqk6qwZCpXndmgyl0ao4XpYm8L8B5wUoRPgR75b77dtxAoKRAcJUGjYUQ%3D%3D&ppt=None&ppn=None&ssid=tgdv1hdd4w0000001745986509585&qH=569084f9cab6eba9,286.0,1299,77,77.98
JQR,https://www.flipkart.com/jqr-dj-sports-shoes-walking-lightweight-trekking-stylish-running-shoes-men/p/itmcc0f5983b0567?pid=SHOG4PAHCY2JMVSQ&lid=LSTSHOG4PAHCY2JMVSQCJ226H&marketplace=FLIPKART&q=footwear&store=osp&srno=s_4_128&otracker=search&fm=organic&iid=en_xxIDSOesji1r6v2FTH5BS1IIir1X6yqk6qwZCpXndmhsSsu3SjatV881jm-Q-poJTAHDAM3xWa5uZCT7ahwMKA%3D%3D&ppt=None&ppn=None&ssid=tgdv1hdd4w0000001745986509585&qH=569084f9cab6eba9,909.0,1299,30,30.02
BERSACHE,https://www.flipkart.com/bersache-men-sandals/p/itmc442705bc25f1?pid=SNDGVBMKFMGZGC2N&lid=LSTSNDGVBMKFMGZGC2NP5KNRL&marketplace=FLIPKART&q=footwear&store=osp&srno=s_4_129&otracker=search&fm=organic&iid=02f9579c-ce04-44d9-9f7a-93b2b1e94c82.SNDGVBMKFMGZGC2N.SEARCH&ppt=None&ppn=None&ssid=tgdv1hdd4w0000001745986509585&qH=569084f9cab6eba9,455.0,998,54,54.41
BERSACHE,https://www.flipkart.com/bersache-men-sandals/p/itmf0505dbc78dbf?pid=SNDFYX25ATHAY6RF&q=footwear&store=osp&srno=s_4_130&otracker=search&fm=organic&iid=02f9579c-ce04-44d9-9f7a-93b2b1e94c82.SNDFYX25ATHAY6RF.SEARCH&ppt=None&ppn=None&ssid=tgdv1hdd4w0000001745986509585&qH=569084f9cab6eba9,0.0,0,0,0.0
aadi,https://www.flipkart.com/aadi-men-sandals/p/itm63d5eeded4d21?pid=SNDH438JNVA4JTTK&lid=LSTSNDH438JNVA4JTTKV3VH8G&marketplace=FLIPKART&q=footwear&store=osp&srno=s_4_131&otracker=search&fm=organic&iid=en_xxIDSOesji1r6v2FTH5BS1IIir1X6yqk6qwZCpXndmjNuBTZkQBY2R7bEytPusLHGpO4AAQZxootn5QbEFfwtw%3D%3D&ppt=None&ppn=None&ssid=tgdv1hdd4w0000001745986509585&qH=569084f9cab6eba9,469.0,1999,76,76.54
BRUTON,https://www.flipkart.com/bruton-men-sandals/p/itm22a5edf1ed4bc?pid=SNDH27K3CMQJZ29U&lid=LSTSNDH27K3CMQJZ29UBFWNUB&marketplace=FLIPKART&q=footwear&store=osp&srno=s_4_132&otracker=search&fm=organic&iid=en_xxIDSOesji1r6v2FTH5BS1IIir1X6yqk6qwZCpXndmgN6BUgE5mS9KeYamzqTd71zZ9BUasHrjF8dflklkCU5g%3D%3D&ppt=None&ppn=None&ssid=tgdv1hdd4w0000001745986509585&qH=569084f9cab6eba9,297.0,1299,77,77.14
World Wear Footwear,https://www.flipkart.com/world-wear-footwear-men-casual/p/itmfefxwgyqddmqn?pid=SNDFEED6QUGYTKMY&lid=LSTSNDFEED6QUGYTKMYWKZZNE&marketplace=FLIPKART&q=footwear&store=osp&srno=s_4_133&otracker=search&fm=organic&iid=02f9579c-ce04-44d9-9f7a-93b2b1e94c82.SNDFEED6QUGYTKMY.SEARCH&ppt=None&ppn=None&ssid=tgdv1hdd4w0000001745986509585&qH=569084f9cab6eba9,366.0,499,26,26.65
BRUTON,https://www.flipkart.com/bruton-men-sandals/p/itm433a9ce8616f1?pid=SNDGYYP3JDBZZYCR&lid=LSTSNDGYYP3JDBZZYCRDAWLX5&marketplace=FLIPKART&q=footwear&store=osp&srno=s_4_134&otracker=search&fm=organic&iid=02f9579c-ce04-44d9-9f7a-93b2b1e94c82.SNDGYYP3JDBZZYCR.SEARCH&ppt=None&ppn=None&ssid=tgdv1hdd4w0000001745986509585&qH=569084f9cab6eba9,306.0,1299,76,76.44
aadi,https://www.flipkart.com/aadi-eva-ultralightweight-premiun-comfort-summer-tendy-outdoor-men-sandals/p/itme5a248e8bb6b8?pid=SFFGG8E473R9YTXJ&lid=LSTSFFGG8E473R9YTXJAYLSUB&marketplace=FLIPKART&q=footwear&store=osp&srno=s_4_135&otracker=search&fm=organic&iid=02f9579c-ce04-44d9-9f7a-93b2b1e94c82.SFFGG8E473R9YTXJ.SEARCH&ppt=None&ppn=None&ssid=tgdv1hdd4w0000001745986509585&qH=569084f9cab6eba9,310.0,999,68,68.97
BIRDE,https://www.flipkart.com/birde-pack-2-men-sandals/p/itm9b7153129674d?pid=SNDHY8APJEHVP5CA&lid=LSTSNDHY8APJEHVP5CANJNWNL&marketplace=FLIPKART&q=footwear&store=osp&srno=s_4_136&otracker=search&fm=organic&iid=02f9579c-ce04-44d9-9f7a-93b2b1e94c82.SNDHY8APJEHVP5CA.SEARCH&ppt=None&ppn=None&ssid=tgdv1hdd4w0000001745986509585&qH=569084f9cab6eba9,498.0,1998,75,75.08
BIRDE,https://www.flipkart.com/birde-premium-clogs-men-sandals/p/itmc30b362408377?pid=SNDGHVNHCZUDSJ6H&lid=LSTSNDGHVNHCZUDSJ6HK1XL5B&marketplace=FLIPKART&q=footwear&store=osp&srno=s_4_137&otracker=search&fm=organic&iid=en_xxIDSOesji1r6v2FTH5BS1IIir1X6yqk6qwZCpXndmhSQT_Zsv2rj1St2grT86ibk4ccazj_51E8GaMuCpp7Fw%3D%3D&ppt=None&ppn=None&ssid=tgdv1hdd4w0000001745986509585&qH=569084f9cab6eba9,299.0,999,70,70.07
AJANTA,https://www.flipkart.com/ajanta-men-slides/p/itm3420059bc7d22?pid=SFFGDK63AFMMFVGE&lid=LSTSFFGDK63AFMMFVGEZSGKHP&marketplace=FLIPKART&q=footwear&store=osp&srno=s_4_138&otracker=search&fm=organic&iid=en_xxIDSOesji1r6v2FTH5BS1IIir1X6yqk6qwZCpXndmg-uNCjm_0DJ8jWIaFGOwAqGW0ZlvlmKnw4o0e69G5Fe_UFjCTyOHoHZs-Z5_PS_w0%3D&ppt=None&ppn=None&ssid=tgdv1hdd4w0000001745986509585&qH=569084f9cab6eba9,209.0,699,70,70.1
Svaar,https://www.flipkart.com/svaar-men-clogs/p/itmf7c54e8891f8c?pid=SNDGJQV5PGAAKHX9&lid=LSTSNDGJQV5PGAAKHX9XVQSVG&marketplace=FLIPKART&q=footwear&store=osp&srno=s_4_139&otracker=search&fm=organic&iid=02f9579c-ce04-44d9-9f7a-93b2b1e94c82.SNDGJQV5PGAAKHX9.SEARCH&ppt=None&ppn=None&ssid=tgdv1hdd4w0000001745986509585&qH=569084f9cab6eba9,537.0,999,46,46.25
BRUTON,https://www.flipkart.com/bruton-lightweight-pack-1-trendy-sneakers-men/p/itm6b204a060e6f0?pid=SHOFVH664E3R8GFT&lid=LSTSHOFVH664E3R8GFTHMPHM6&marketplace=FLIPKART&q=footwear&store=osp&srno=s_4_140&otracker=search&fm=organic&iid=02f9579c-ce04-44d9-9f7a-93b2b1e94c82.SHOFVH664E3R8GFT.SEARCH&ppt=None&ppn=None&ssid=tgdv1hdd4w0000001745986509585&qH=569084f9cab6eba9,295.0,807,63,63.44
aadi,https://www.flipkart.com/aadi-men-clogs/p/itm1d8f453cbb39d?pid=SNDGX32UUGZBHSNZ&lid=LSTSNDGX32UUGZBHSNZ4V4PDH&marketplace=FLIPKART&q=footwear&store=osp&srno=s_4_141&otracker=search&fm=organic&iid=en_xxIDSOesji1r6v2FTH5BS1IIir1X6yqk6qwZCpXndmiISqXBPIkJg1UtNr47lMlXh-HGoSCXWEYod9Flbgu2jg%3D%3D&ppt=None&ppn=None&ssid=tgdv1hdd4w0000001745986509585&qH=569084f9cab6eba9,368.0,999,63,63.16
CAMPUS,https://www.flipkart.com/campus-terminator-n-running-shoes-men/p/itm29ac3efb0d51d?pid=SHOG2QYYC4PZRWAF&lid=LSTSHOG2QYYC4PZRWAFY2C8OC&marketplace=FLIPKART&q=footwear&store=osp&srno=s_4_142&otracker=search&fm=organic&iid=en_xxIDSOesji1r6v2FTH5BS1IIir1X6yqk6qwZCpXndmjBJTZTHnVVx7aFZyEGpvmQyC2A-zMetcYLsOQ7SxSUz4E8waCTrWcncKeK_ydPfoM%3D&ppt=None&ppn=None&ssid=tgdv1hdd4w0000001745986509585&qH=569084f9cab6eba9,1554.0,2299,32,32.41
BERSACHE,https://www.flipkart.com/bersache-men-sandals/p/itm428934dd4dd21?pid=SNDHFS2XQ4D52Q7V&lid=LSTSNDHFS2XQ4D52Q7VL74T0E&marketplace=FLIPKART&q=footwear&store=osp&srno=s_4_143&otracker=search&fm=organic&iid=02f9579c-ce04-44d9-9f7a-93b2b1e94c82.SNDHFS2XQ4D52Q7V.SEARCH&ppt=None&ppn=None&ssid=tgdv1hdd4w0000001745986509585&qH=569084f9cab6eba9,595.0,998,40,40.38
AMICO,https://www.flipkart.com/amico-men-casual/p/itm882f802091330?pid=SNDH2TRKMTBWAUJA&lid=LSTSNDH2TRKMTBWAUJAVCAH37&marketplace=FLIPKART&q=footwear&store=osp&srno=s_4_144&otracker=search&fm=organic&iid=02f9579c-ce04-44d9-9f7a-93b2b1e94c82.SNDH2TRKMTBWAUJA.SEARCH&ppt=None&ppn=None&ssid=tgdv1hdd4w0000001745986509585&qH=569084f9cab6eba9,422.0,1499,71,71.85
World Wear Footwear,https://www.flipkart.com/world-wear-footwear-combo-pack-2-trendy-sports-shoes-running-men/p/itm73b3c399afee6?pid=SHOG3DFNUHZANSHH&lid=LSTSHOG3DFNUHZANSHHIMNSIV&marketplace=FLIPKART&q=footwear&store=osp&srno=s_4_145&otracker=search&fm=organic&iid=02f9579c-ce04-44d9-9f7a-93b2b1e94c82.SHOG3DFNUHZANSHH.SEARCH&ppt=None&ppn=None&ssid=tgdv1hdd4w0000001745986509585&qH=569084f9cab6eba9,607.0,998,39,39.18
BIRDE,https://www.flipkart.com/birde-premium-sport-shoes-men-walking/p/itmbb143fe95df72?pid=SHOGGVNZMHZR8Y9X&lid=LSTSHOGGVNZMHZR8Y9XBP8R3K&marketplace=FLIPKART&q=footwear&store=osp&srno=s_4_146&otracker=search&fm=organic&iid=02f9579c-ce04-44d9-9f7a-93b2b1e94c82.SHOGGVNZMHZR8Y9X.SEARCH&ppt=None&ppn=None&ssid=tgdv1hdd4w0000001745986509585&qH=569084f9cab6eba9,447.0,999,55,55.26
aadi,https://www.flipkart.com/aadi-men-sandals/p/itm33bb87913ba28?pid=SNDGSEZJ2YBUFTHZ&lid=LSTSNDGSEZJ2YBUFTHZPDAETG&marketplace=FLIPKART&q=footwear&store=osp&srno=s_4_147&otracker=search&fm=organic&iid=en_xxIDSOesji1r6v2FTH5BS1IIir1X6yqk6qwZCpXndmhrOaLvChXFmi8J7S4flcd6BnotUAMN67NXkYmMFpahyA%3D%3D&ppt=None&ppn=None&ssid=tgdv1hdd4w0000001745986509585&qH=569084f9cab6eba9,389.0,999,61,61.06
CAMPUS,https://www.flipkart.com/campus-north-plus-walking-shoes-men/p/itm9669687c56df2?pid=SHOFY4DPNNKQ5AD4&lid=LSTSHOFY4DPNNKQ5AD4LV31RI&marketplace=FLIPKART&q=footwear&store=osp&srno=s_4_148&otracker=search&fm=organic&iid=en_xxIDSOesji1r6v2FTH5BS1IIir1X6yqk6qwZCpXndmgKzF3Z72dfo02U_T7O26Bj9vRbI-E3egd7--U_QCN5fYQEIsITtCzc4bHaOMTqL08%3D&ppt=None&ppn=None&ssid=tgdv1hdd4w0000001745986509585&qH=569084f9cab6eba9,1332.0,1899,29,29.86
Fortex,https://www.flipkart.com/fortex-men-casual/p/itm0df7f713c8c06?pid=SNDGY9QDQCBFJT4H&lid=LSTSNDGY9QDQCBFJT4HJVGBWW&marketplace=FLIPKART&q=footwear&store=osp&srno=s_4_149&otracker=search&fm=organic&iid=02f9579c-ce04-44d9-9f7a-93b2b1e94c82.SNDGY9QDQCBFJT4H.SEARCH&ppt=None&ppn=None&ssid=tgdv1hdd4w0000001745986509585&qH=569084f9cab6eba9,514.0,1299,60,60.43
BERSACHE,https://www.flipkart.com/bersache-men-sandals/p/itm1d01041d7d0b4?pid=SNDHFSFTUNBDEU9Z&lid=LSTSNDHFSFTUNBDEU9ZWUPXNZ&marketplace=FLIPKART&q=footwear&store=osp&srno=s_4_150&otracker=search&fm=organic&iid=02f9579c-ce04-44d9-9f7a-93b2b1e94c82.SNDHFSFTUNBDEU9Z.SEARCH&ppt=None&ppn=None&ssid=tgdv1hdd4w0000001745986509585&qH=569084f9cab6eba9,591.0,998,40,40.78
Wildcraft,https://www.flipkart.com/wildcraft-outdoor-men-sports-sandals/p/itm611ebcfe05e06?pid=SNDG5FR5JE22G9ZZ&lid=LSTSNDG5FR5JE22G9ZZNMZUUX&marketplace=FLIPKART&q=footwear&store=osp&srno=s_4_151&otracker=search&fm=organic&iid=en_xxIDSOesji1r6v2FTH5BS1IIir1X6yqk6qwZCpXndmjX55bF0yv1eYqEoRt2r_VuzxHMxlR8uElopoBidb9bln3Gaq_wzx4HJysDmGalzMk%3D&ppt=None&ppn=None&ssid=tgdv1hdd4w0000001745986509585&qH=569084f9cab6eba9,818.0,1999,59,59.08
GO RIDE,https://www.flipkart.com/go-ride-running-shoes-men/p/itma84f0d68d713b?pid=SHOGFGGW2FPGGVU8&lid=LSTSHOGFGGW2FPGGVU8AZ3CFY&marketplace=FLIPKART&q=footwear&store=osp&srno=s_4_152&otracker=search&fm=organic&iid=en_xxIDSOesji1r6v2FTH5BS1IIir1X6yqk6qwZCpXndmieLnTNJ8G9cGNV-pBVEjpZaNbfnHT9foOnlzzOATbbFA%3D%3D&ppt=None&ppn=None&ssid=tgdv1hdd4w0000001745986509585&qH=569084f9cab6eba9,1261.0,1749,27,27.9
AMICO,https://www.flipkart.com/amico-men-sandals/p/itmbe165815e8728?pid=SNDH2Z8ZCYXPAYGZ&lid=LSTSNDH2Z8ZCYXPAYGZADNBVY&marketplace=FLIPKART&q=footwear&store=osp&srno=s_4_153&otracker=search&fm=organic&iid=02f9579c-ce04-44d9-9f7a-93b2b1e94c82.SNDH2Z8ZCYXPAYGZ.SEARCH&ppt=None&ppn=None&ssid=tgdv1hdd4w0000001745986509585&qH=569084f9cab6eba9,380.0,1499,74,74.65
aadi,https://www.flipkart.com/aadi-men-sandals/p/itmb2184985d5d2e?pid=SNDH3HHS5CBTXATT&lid=LSTSNDH3HHS5CBTXATTYWKGOQ&marketplace=FLIPKART&q=footwear&store=osp&srno=s_4_154&otracker=search&fm=organic&iid=02f9579c-ce04-44d9-9f7a-93b2b1e94c82.SNDH3HHS5CBTXATT.SEARCH&ppt=None&ppn=None&ssid=tgdv1hdd4w0000001745986509585&qH=569084f9cab6eba9,595.0,1999,70,70.24
HOTSTYLE,https://www.flipkart.com/hotstyle-men-sandals/p/itm163507db5f911?pid=SNDH38ADFWMAETEG&lid=LSTSNDH38ADFWMAETEGTXJUWA&marketplace=FLIPKART&q=footwear&store=osp&srno=s_4_155&otracker=search&fm=organic&iid=02f9579c-ce04-44d9-9f7a-93b2b1e94c82.SNDH38ADFWMAETEG.SEARCH&ppt=None&ppn=None&ssid=tgdv1hdd4w0000001745986509585&qH=569084f9cab6eba9,258.0,999,74,74.17
BERSACHE,https://www.flipkart.com/bersache-men-sandals/p/itma7de57e069c90?pid=SNDGVBMKSS8BUZ9J&lid=LSTSNDGVBMKSS8BUZ9JJBDKIF&marketplace=FLIPKART&q=footwear&store=osp&srno=s_4_156&otracker=search&fm=organic&iid=02f9579c-ce04-44d9-9f7a-93b2b1e94c82.SNDGVBMKSS8BUZ9J.SEARCH&ppt=None&ppn=None&ssid=tgdv1hdd4w0000001745986509585&qH=569084f9cab6eba9,591.0,998,40,40.78
RED TAPE,https://www.flipkart.com/red-tape-men-clogs/p/itm2e7ee1397e659?pid=SNDGW9HXJ5CZ8WXM&lid=LSTSNDGW9HXJ5CZ8WXMIHYL9U&marketplace=FLIPKART&q=footwear&store=osp&srno=s_4_157&otracker=search&fm=organic&iid=en_xxIDSOesji1r6v2FTH5BS1IIir1X6yqk6qwZCpXndmhlyBxeQ99rcjpZduNMkl269veb63dKCTaBv0aSNN6V8maRs4JL222ZRV-dN99QnxU%3D&ppt=None&ppn=None&ssid=tgdv1hdd4w0000001745986509585&qH=569084f9cab6eba9,669.0,3199,79,79.09
CAMPUS,https://www.flipkart.com/campus-camp-karl-running-shoes-men/p/itmc0c98cdd03aaf?pid=SHOGHXHCQMWHV2UQ&lid=LSTSHOGHXHCQMWHV2UQXCWU2Q&marketplace=FLIPKART&q=footwear&store=osp&srno=s_4_158&otracker=search&fm=organic&iid=en_xxIDSOesji1r6v2FTH5BS1IIir1X6yqk6qwZCpXndmiQHq73B2XOmg-KF9dEs-rfACJMe3KOn24h7dCT4AjqKInfEY2D5bWfIUmTlXs_oiU%3D&ppt=None&ppn=None&ssid=tgdv1hdd4w0000001745986509585&qH=569084f9cab6eba9,1110.0,1599,30,30.58
WUGATTI,https://www.flipkart.com/wugatti-men-sandals/p/itm742a9807f1d5e?pid=SNDG5FYH6U7CHHVX&lid=LSTSNDG5FYH6U7CHHVXPWCCFV&marketplace=FLIPKART&q=footwear&store=osp&srno=s_4_159&otracker=search&fm=organic&iid=02f9579c-ce04-44d9-9f7a-93b2b1e94c82.SNDG5FYH6U7CHHVX.SEARCH&ppt=None&ppn=None&ssid=tgdv1hdd4w0000001745986509585&qH=569084f9cab6eba9,498.0,1299,61,61.66
Fortex,https://www.flipkart.com/fortex-men-casual/p/itm37de4eb1c3e3a?pid=SNDGY9QDBNP9YY9Q&lid=LSTSNDGY9QDBNP9YY9QEHIMWP&marketplace=FLIPKART&q=footwear&store=osp&srno=s_4_160&otracker=search&fm=organic&iid=02f9579c-ce04-44d9-9f7a-93b2b1e94c82.SNDGY9QDBNP9YY9Q.SEARCH&ppt=None&ppn=None&ssid=tgdv1hdd4w0000001745986509585&qH=569084f9cab6eba9,405.0,1299,68,68.82
Abros,https://www.flipkart.com/abros-carter-running-shoes-men/p/itma2c46b7e677e8?pid=SHOH42AAVQRHEXF2&lid=LSTSHOH42AAVQRHEXF2GJZDPU&marketplace=FLIPKART&q=footwear&store=osp&srno=s_5_161&otracker=search&fm=organic&iid=en_xoBZTesHedXmUa13JX-IRd-UBLVnmTUQbtR_ee_VzjygeKmyxiveaeOjwRRvsLj9NbBnyVkCtk4RmKmMCLCsdvUFjCTyOHoHZs-Z5_PS_w0%3D&ppt=None&ppn=None&ssid=53dznvffzk0000001745986513251&qH=569084f9cab6eba9,719.0,1599,55,55.03
Abros,https://www.flipkart.com/abros-ramsay-running-shoes-men/p/itm8a77e638c42f1?pid=SHOH3JGNRHBSFHEM&lid=LSTSHOH3JGNRHBSFHEMMQV98G&marketplace=FLIPKART&q=footwear&store=osp&srno=s_5_162&otracker=search&fm=organic&iid=en_xoBZTesHedXmUa13JX-IRd-UBLVnmTUQbtR_ee_VzjyXoXJaMyl-mxkqnbuZTvKyJQP6e6A4BbsXz00OY3nOrw%3D%3D&ppt=None&ppn=None&ssid=53dznvffzk0000001745986513251&qH=569084f9cab6eba9,989.0,2199,55,55.03
Adda,https://www.flipkart.com/adda-men-slippers/p/itmb72b46d6596f3?pid=SFFFJVVQFZTPPTKU&lid=LSTSFFFJVVQFZTPPTKUTTUSPY&marketplace=FLIPKART&q=footwear&store=osp&srno=s_5_163&otracker=search&fm=organic&iid=fd6a2af0-6571-4d88-96c2-d50bbae0af32.SFFFJVVQFZTPPTKU.SEARCH&ppt=None&ppn=None&ssid=53dznvffzk0000001745986513251&qH=569084f9cab6eba9,816.0,819,0,0.37
SHOETOPIA,https://www.flipkart.com/shoetopia-smart-casual-mid-top-boots-women-girls/p/itm323221382961e?pid=SHOH4UFUHQZDCGWF&lid=LSTSHOH4UFUHQZDCGWFIMXA4J&marketplace=FLIPKART&q=footwear&store=osp&srno=s_5_164&otracker=search&fm=organic&iid=fd6a2af0-6571-4d88-96c2-d50bbae0af32.SHOH4UFUHQZDCGWF.SEARCH&ppt=None&ppn=None&ssid=53dznvffzk0000001745986513251&qH=569084f9cab6eba9,961.0,2999,67,67.96
Dressberry,https://www.flipkart.com/dressberry-women-heels/p/itm47f621cff0fb0?pid=SNDHBFKGPYGWKRWY&lid=LSTSNDHBFKGPYGWKRWYQCGAKP&marketplace=FLIPKART&q=footwear&store=osp&srno=s_5_165&otracker=search&fm=organic&iid=fd6a2af0-6571-4d88-96c2-d50bbae0af32.SNDHBFKGPYGWKRWY.SEARCH&ppt=None&ppn=None&ssid=53dznvffzk0000001745986513251&qH=569084f9cab6eba9,949.0,2499,62,62.02
Kook N Keech,https://www.flipkart.com/kook-n-keech-vart160121-27-casuals-women/p/itm394f8ae19627f?pid=SHOHBY2ZAMHGJYVE&lid=LSTSHOHBY2ZAMHGJYVEAJMHPU&marketplace=FLIPKART&q=footwear&store=osp&srno=s_5_166&otracker=search&fm=organic&iid=fd6a2af0-6571-4d88-96c2-d50bbae0af32.SHOHBY2ZAMHGJYVE.SEARCH&ppt=None&ppn=None&ssid=53dznvffzk0000001745986513251&qH=569084f9cab6eba9,599.0,1099,45,45.5
CAMPUS,https://www.flipkart.com/campus-terminator-n-running-shoes-men/p/itm29ac3efb0d51d?pid=SHOG2QYYC4PZRWAF&lid=LSTSHOG2QYYC4PZRWAFCOQDPP&marketplace=FLIPKART&q=footwear&store=osp&srno=s_5_167&otracker=search&fm=organic&iid=en_xoBZTesHedXmUa13JX-IRd-UBLVnmTUQbtR_ee_VzjzDe_gr0kS0aW3R7Iz0QrNOBbiHW-b1wU_z0ZcoTYQhLg%3D%3D&ppt=None&ppn=None&ssid=53dznvffzk0000001745986513251&qH=569084f9cab6eba9,1554.0,2299,32,32.41
Abros,https://www.flipkart.com/abros-zona-n-running-shoes-men/p/itm54c514ed8e2f2?pid=SHOGC2M9GVV4GGT9&lid=LSTSHOGC2M9GVV4GGT9XW65X0&marketplace=FLIPKART&q=footwear&store=osp&srno=s_5_168&otracker=search&fm=organic&iid=en_xoBZTesHedXmUa13JX-IRd-UBLVnmTUQbtR_ee_VzjwEyAuUvVxQnGDQFU9mQ8Dq7nOlBFfpY-luPzTIgn1D2A%3D%3D&ppt=None&ppn=None&ssid=53dznvffzk0000001745986513251&qH=569084f9cab6eba9,783.0,1119,30,30.03
Mast & Harbour,https://www.flipkart.com/mast-harbour-women-flip-flops/p/itm80a366c166bf0?pid=SFFH8D2HGAF5HUKF&lid=LSTSFFH8D2HGAF5HUKFAYE0JT&marketplace=FLIPKART&q=footwear&store=osp&srno=s_5_169&otracker=search&fm=organic&iid=fd6a2af0-6571-4d88-96c2-d50bbae0af32.SFFH8D2HGAF5HUKF.SEARCH&ppt=None&ppn=None&ssid=53dznvffzk0000001745986513251&qH=569084f9cab6eba9,1239.0,1999,38,38.02
asian,https://www.flipkart.com/asian-cosko-sports-shoes-men-latest-stylish-casual-sport-running-boys-lace-up-waterproof-blue-running-walking-gym-trekking-hiking-party/p/itmfef3c697403c3?pid=SHOF78HRHXTDFGGJ&lid=LSTSHOF78HRHXTDFGGJJFYFGM&marketplace=FLIPKART&q=footwear&store=osp&srno=s_5_170&otracker=search&fm=organic&iid=fd6a2af0-6571-4d88-96c2-d50bbae0af32.SHOF78HRHXTDFGGJ.SEARCH&ppt=None&ppn=None&ssid=53dznvffzk0000001745986513251&qH=569084f9cab6eba9,740.0,999,25,25.93
CAMPUS,https://www.flipkart.com/campus-north-plus-walking-shoes-men/p/itm9669687c56df2?pid=SHOFY4DPNNKQ5AD4&lid=LSTSHOFY4DPNNKQ5AD4LV31RI&marketplace=FLIPKART&q=footwear&store=osp&srno=s_5_171&otracker=search&fm=organic&iid=en_xoBZTesHedXmUa13JX-IRd-UBLVnmTUQbtR_ee_VzjxFlH_fY0keH4m1GcuFEAJ3LjDEw9D2OglkDZ2m9RxD_g%3D%3D&ppt=None&ppn=None&ssid=53dznvffzk0000001745986513251&qH=569084f9cab6eba9,1332.0,1899,29,29.86
AJANTA,https://www.flipkart.com/ajanta-waterproof-sneakers-men/p/itm21562fac9a4cc?pid=SHOGZD5ZXCPZGJC2&lid=LSTSHOGZD5ZXCPZGJC2VELEN2&marketplace=FLIPKART&q=footwear&store=osp&srno=s_5_172&otracker=search&fm=organic&iid=fd6a2af0-6571-4d88-96c2-d50bbae0af32.SHOGZD5ZXCPZGJC2.SEARCH&ppt=None&ppn=None&ssid=53dznvffzk0000001745986513251&qH=569084f9cab6eba9,189.0,899,78,78.98
JQR,https://www.flipkart.com/jqr-signature-sports-shoes-walking-lightweight-trekking-sneakers-stylish-sneakers-men/p/itm3cf7e774f84c5?pid=SHOGTYSYY8A3FME2&lid=LSTSHOGTYSYY8A3FME2DYTDWT&marketplace=FLIPKART&q=footwear&store=osp&srno=s_5_173&otracker=search&fm=organic&iid=fd6a2af0-6571-4d88-96c2-d50bbae0af32.SHOGTYSYY8A3FME2.SEARCH&ppt=None&ppn=None&ssid=53dznvffzk0000001745986513251&qH=569084f9cab6eba9,1293.0,1699,23,23.9
sanvariya,https://www.flipkart.com/sanvariya-women-heels/p/itm72e445f7d1fba?pid=SNDGQ8FPGMHUKBFG&lid=LSTSNDGQ8FPGMHUKBFGDFWZZQ&marketplace=FLIPKART&q=footwear&store=osp&srno=s_5_174&otracker=search&fm=organic&iid=fd6a2af0-6571-4d88-96c2-d50bbae0af32.SNDGQ8FPGMHUKBFG.SEARCH&ppt=None&ppn=None&ssid=53dznvffzk0000001745986513251&qH=569084f9cab6eba9,392.0,1299,69,69.82
KILLER,https://www.flipkart.com/killer-kl8040-lightweight-comfort-summer-trendy-premium-stylish-loafers-men/p/itmb5dba69be0705?pid=SHOGGKRQZXCJJAWF&lid=LSTSHOGGKRQZXCJJAWFRJTDEJ&marketplace=FLIPKART&q=footwear&store=osp&srno=s_5_175&otracker=search&fm=organic&iid=fd6a2af0-6571-4d88-96c2-d50bbae0af32.SHOGGKRQZXCJJAWF.SEARCH&ppt=None&ppn=None&ssid=53dznvffzk0000001745986513251&qH=569084f9cab6eba9,749.0,3499,78,78.59
CAMPUS,https://www.flipkart.com/campus-oxyfit-n-men-s-casual-shoes-memory-foam-pillofoam-comfort-slip-on-walking-men/p/itm9dc85a8e86327?pid=SHOGA49HUGUK9RD2&lid=LSTSHOGA49HUGUK9RD2NLYAWT&marketplace=FLIPKART&q=footwear&store=osp&srno=s_5_176&otracker=search&fm=organic&iid=fd6a2af0-6571-4d88-96c2-d50bbae0af32.SHOGA49HUGUK9RD2.SEARCH&ppt=None&ppn=None&ssid=53dznvffzk0000001745986513251&qH=569084f9cab6eba9,832.0,999,16,16.72
AMICO,https://www.flipkart.com/amico-running-shoes-men/p/itma5a61a30366b5?pid=SHOGSYSEG7BPZECH&lid=LSTSHOGSYSEG7BPZECHMRHU3H&marketplace=FLIPKART&q=footwear&store=osp&srno=s_5_177&otracker=search&fm=organic&iid=fd6a2af0-6571-4d88-96c2-d50bbae0af32.SHOGSYSEG7BPZECH.SEARCH&ppt=None&ppn=None&ssid=53dznvffzk0000001745986513251&qH=569084f9cab6eba9,495.0,2499,80,80.19
FLITE,https://www.flipkart.com/flite-women-slippers/p/itmd686f05a9de68?pid=SFFGHGDDPCQTP2CH&lid=LSTSFFGHGDDPCQTP2CHDKFWT5&marketplace=FLIPKART&q=footwear&store=osp&srno=s_5_178&otracker=search&fm=organic&iid=fd6a2af0-6571-4d88-96c2-d50bbae0af32.SFFGHGDDPCQTP2CH.SEARCH&ppt=None&ppn=None&ssid=53dznvffzk0000001745986513251&qH=569084f9cab6eba9,220.0,499,55,55.91
action,https://www.flipkart.com/action-boys-girls-velcro-school-shoes/p/itme3867ea3d8db7?pid=KSSGEGDSHK5HX8HF&lid=LSTKSSGEGDSHK5HX8HFUQEUGJ&marketplace=FLIPKART&q=footwear&store=osp&srno=s_5_179&otracker=search&fm=organic&iid=fd6a2af0-6571-4d88-96c2-d50bbae0af32.KSSGEGDSHK5HX8HF.SEARCH&ppt=None&ppn=None&ssid=53dznvffzk0000001745986513251&qH=569084f9cab6eba9,696.0,999,30,30.33
LIBERTY,https://www.flipkart.com/liberty-men-clogs/p/itm28386aa56e3fb?pid=SNDGTDZBU2TKRXKM&lid=LSTSNDGTDZBU2TKRXKM2W7THX&marketplace=FLIPKART&q=footwear&store=osp&srno=s_5_180&otracker=search&fm=organic&iid=fd6a2af0-6571-4d88-96c2-d50bbae0af32.SNDGTDZBU2TKRXKM.SEARCH&ppt=None&ppn=None&ssid=53dznvffzk0000001745986513251&qH=569084f9cab6eba9,499.0,1299,61,61.59
Svaar,https://www.flipkart.com/svaar-men-clogs/p/itm349ca822122e1?pid=SNDGHFRSMWHTFG67&lid=LSTSNDGHFRSMWHTFG67LNJG4S&marketplace=FLIPKART&q=footwear&store=osp&srno=s_5_181&otracker=search&fm=organic&iid=fd6a2af0-6571-4d88-96c2-d50bbae0af32.SNDGHFRSMWHTFG67.SEARCH&ppt=None&ppn=None&ssid=53dznvffzk0000001745986513251&qH=569084f9cab6eba9,537.0,1499,64,64.18
Sparx,https://www.flipkart.com/sparx-ss-453-men-sandals/p/itm8238218a64f27?pid=SNDETDHHY5MY89WZ&lid=LSTSNDETDHHY5MY89WZXISUIE&marketplace=FLIPKART&q=footwear&store=osp&srno=s_5_182&otracker=search&fm=organic&iid=fd6a2af0-6571-4d88-96c2-d50bbae0af32.SNDETDHHY5MY89WZ.SEARCH&ppt=None&ppn=None&ssid=53dznvffzk0000001745986513251&qH=569084f9cab6eba9,699.0,949,26,26.34
XE Looks,https://www.flipkart.com/xe-looks-women-bellies/p/itmcb0964753095e?pid=SNDGWGNQKWEBJ7WD&lid=LSTSNDGWGNQKWEBJ7WD1GLS4G&marketplace=FLIPKART&q=footwear&store=osp&srno=s_5_183&otracker=search&fm=organic&iid=fd6a2af0-6571-4d88-96c2-d50bbae0af32.SNDGWGNQKWEBJ7WD.SEARCH&ppt=None&ppn=None&ssid=53dznvffzk0000001745986513251&qH=569084f9cab6eba9,949.0,2499,62,62.02
action,https://www.flipkart.com/action-lightweight-comfortable-trendy-daily-wear-synthetic-leather-men-casual/p/itm300e510e7f955?pid=SNDE3D2JATVZF2QU&lid=LSTSNDE3D2JATVZF2QUCL6DAJ&marketplace=FLIPKART&q=footwear&store=osp&srno=s_5_184&otracker=search&fm=organic&iid=fd6a2af0-6571-4d88-96c2-d50bbae0af32.SNDE3D2JATVZF2QU.SEARCH&ppt=None&ppn=None&ssid=53dznvffzk0000001745986513251&qH=569084f9cab6eba9,683.0,1699,59,59.8
GOKIK,https://www.flipkart.com/gokik-men-slides/p/itm34b762783639c?pid=SFFH8KS4CYXMNQYW&lid=LSTSFFH8KS4CYXMNQYWX44WEY&marketplace=FLIPKART&q=footwear&store=osp&srno=s_5_185&otracker=search&fm=organic&iid=fd6a2af0-6571-4d88-96c2-d50bbae0af32.SFFH8KS4CYXMNQYW.SEARCH&ppt=None&ppn=None&ssid=53dznvffzk0000001745986513251&qH=569084f9cab6eba9,272.0,999,72,72.77
BERSACHE,https://www.flipkart.com/bersache-men-clogs/p/itm6da83e55d64ab?pid=SFFGVJDJQH45FPGY&lid=LSTSFFGVJDJQH45FPGYAPWGGS&marketplace=FLIPKART&q=footwear&store=osp&srno=s_5_186&otracker=search&fm=organic&iid=fd6a2af0-6571-4d88-96c2-d50bbae0af32.SFFGVJDJQH45FPGY.SEARCH&ppt=None&ppn=None&ssid=53dznvffzk0000001745986513251&qH=569084f9cab6eba9,279.0,1999,86,86.04
Zapatoz,https://www.flipkart.com/zapatoz-women-heels/p/itmdb99654cfaf82?pid=SNDH9EGPUMWNRNVD&lid=LSTSNDH9EGPUMWNRNVDD4WFOA&marketplace=FLIPKART&q=footwear&store=osp&srno=s_5_187&otracker=search&fm=organic&iid=fd6a2af0-6571-4d88-96c2-d50bbae0af32.SNDH9EGPUMWNRNVD.SEARCH&ppt=None&ppn=None&ssid=53dznvffzk0000001745986513251&qH=569084f9cab6eba9,699.0,1999,65,65.03
BERSACHE,https://www.flipkart.com/bersache-men-flip-flops/p/itmcb5fb85b05af3?pid=SFFGVJD652A3GYAK&lid=LSTSFFGVJD652A3GYAKPXXPH3&marketplace=FLIPKART&q=footwear&store=osp&srno=s_5_188&otracker=search&fm=organic&iid=fd6a2af0-6571-4d88-96c2-d50bbae0af32.SFFGVJD652A3GYAK.SEARCH&ppt=None&ppn=None&ssid=53dznvffzk0000001745986513251&qH=569084f9cab6eba9,304.0,1999,84,84.79
CAMPUS,https://www.flipkart.com/campus-hurricane-running-shoes-men/p/itm4d0125d9c2c65?pid=SHOG6BNGG4NVTRYG&lid=LSTSHOG6BNGG4NVTRYGGWTVXQ&marketplace=FLIPKART&q=footwear&store=osp&srno=s_5_189&otracker=search&fm=organic&iid=fd6a2af0-6571-4d88-96c2-d50bbae0af32.SHOG6BNGG4NVTRYG.SEARCH&ppt=None&ppn=None&ssid=53dznvffzk0000001745986513251&qH=569084f9cab6eba9,1047.0,1699,38,38.38
CAMPUS,https://www.flipkart.com/campus-roc-pro-training-gym-shoes-men/p/itm36da3541f9f0d?pid=SHOFY7FVGWMJYAHE&lid=LSTSHOFY7FVGWMJYAHEZNDOQA&marketplace=FLIPKART&q=footwear&store=osp&srno=s_5_190&otracker=search&fm=organic&iid=fd6a2af0-6571-4d88-96c2-d50bbae0af32.SHOFY7FVGWMJYAHE.SEARCH&ppt=None&ppn=None&ssid=53dznvffzk0000001745986513251&qH=569084f9cab6eba9,999.0,1599,37,37.52
CARLTON LONDON,https://www.flipkart.com/carlton-london-women-heels/p/itm33c0aa54d1ee2?pid=SNDH3KHYKZKRZ86H&lid=LSTSNDH3KHYKZKRZ86HWU4FBL&marketplace=FLIPKART&q=footwear&store=osp&srno=s_5_191&otracker=search&fm=organic&iid=fd6a2af0-6571-4d88-96c2-d50bbae0af32.SNDH3KHYKZKRZ86H.SEARCH&ppt=None&ppn=None&ssid=53dznvffzk0000001745986513251&qH=569084f9cab6eba9,1799.0,2999,40,40.01
CAMPUS,https://www.flipkart.com/campus-evok-training-gym-shoes-men/p/itmafc2588aac1a7?pid=SHOFN7FHWVBZQAHG&lid=LSTSHOFN7FHWVBZQAHGW13NHJ&marketplace=FLIPKART&q=footwear&store=osp&srno=s_5_192&otracker=search&fm=organic&iid=fd6a2af0-6571-4d88-96c2-d50bbae0af32.SHOFN7FHWVBZQAHG.SEARCH&ppt=None&ppn=None&ssid=53dznvffzk0000001745986513251&qH=569084f9cab6eba9,1420.0,1699,16,16.42
ADIDAS,https://www.flipkart.com/adidas-runally-m-running-shoes-men/p/itmf494eb9cd3a44?pid=SHOGGW4AVZXKDX4E&lid=LSTSHOGGW4AVZXKDX4EDTIRQ1&marketplace=FLIPKART&q=footwear&store=osp&srno=s_5_193&otracker=search&fm=organic&iid=fd6a2af0-6571-4d88-96c2-d50bbae0af32.SHOGGW4AVZXKDX4E.SEARCH&ppt=None&ppn=None&ssid=53dznvffzk0000001745986513251&qH=569084f9cab6eba9,2524.0,4999,49,49.51
action,https://www.flipkart.com/action-athleo-atg-487-light-weight-comfortable-trendy-running-breathable-gym-men/p/itm3b5a115438d63?pid=SHOGFZPUKUC7HMYG&lid=LSTSHOGFZPUKUC7HMYG6DHBNL&marketplace=FLIPKART&q=footwear&store=osp&srno=s_5_194&otracker=search&fm=organic&iid=fd6a2af0-6571-4d88-96c2-d50bbae0af32.SHOGFZPUKUC7HMYG.SEARCH&ppt=None&ppn=None&ssid=53dznvffzk0000001745986513251&qH=569084f9cab6eba9,918.0,2299,60,60.07
Roadster,https://www.flipkart.com/roadster-women-slides/p/itm326f34fd9d251?pid=SFFH9FPY9TSAGN7Z&lid=LSTSFFH9FPY9TSAGN7ZAEKLTY&marketplace=FLIPKART&q=footwear&store=osp&srno=s_5_195&otracker=search&fm=organic&iid=fd6a2af0-6571-4d88-96c2-d50bbae0af32.SFFH9FPY9TSAGN7Z.SEARCH&ppt=None&ppn=None&ssid=53dznvffzk0000001745986513251&qH=569084f9cab6eba9,599.0,1200,50,50.08
FLITE,https://www.flipkart.com/flite-women-slippers/p/itmdf0da22d02a2f?pid=SFFGHGBDADVJJGRR&lid=LSTSFFGHGBDADVJJGRRGEUPVT&marketplace=FLIPKART&q=footwear&store=osp&srno=s_5_196&otracker=search&fm=organic&iid=fd6a2af0-6571-4d88-96c2-d50bbae0af32.SFFGHGBDADVJJGRR.SEARCH&ppt=None&ppn=None&ssid=53dznvffzk0000001745986513251&qH=569084f9cab6eba9,232.0,537,56,56.8
asian,https://www.flipkart.com/asian-boys-lace-sneakers/p/itm898855a1f8e86?pid=KSSH7Q8MR3Z65KH3&lid=LSTKSSH7Q8MR3Z65KH3ZEXUFI&marketplace=FLIPKART&q=footwear&store=osp&srno=s_5_197&otracker=search&fm=organic&iid=fd6a2af0-6571-4d88-96c2-d50bbae0af32.KSSH7Q8MR3Z65KH3.SEARCH&ppt=None&ppn=None&ssid=53dznvffzk0000001745986513251&qH=569084f9cab6eba9,537.0,1199,55,55.21
BAHAMAS,https://www.flipkart.com/bahamas-men-flip-flops/p/itm2fe1b05cbbe11?pid=SFFGHEZW8YJNUVJY&lid=LSTSFFGHEZW8YJNUVJYHRFGJV&marketplace=FLIPKART&q=footwear&store=osp&srno=s_5_198&otracker=search&fm=organic&iid=fd6a2af0-6571-4d88-96c2-d50bbae0af32.SFFGHEZW8YJNUVJY.SEARCH&ppt=None&ppn=None&ssid=53dznvffzk0000001745986513251&qH=569084f9cab6eba9,299.0,499,40,40.08
Purplehunt,https://www.flipkart.com/purplehunt-women-heels/p/itmc72af0475b137?pid=SNDGPZZYR2NSFCSN&lid=LSTSNDGPZZYR2NSFCSNKYP0VB&marketplace=FLIPKART&q=footwear&store=osp&srno=s_5_199&otracker=search&fm=organic&iid=fd6a2af0-6571-4d88-96c2-d50bbae0af32.SNDGPZZYR2NSFCSN.SEARCH&ppt=None&ppn=None&ssid=53dznvffzk0000001745986513251&qH=569084f9cab6eba9,867.0,1999,56,56.63
DOCTOR EXTRA SOFT,https://www.flipkart.com/doctor-extra-soft-men-slides/p/itm84795462255fa?pid=SFFH89HEGSFACG54&lid=LSTSFFH89HEGSFACG543J4F6T&marketplace=FLIPKART&q=footwear&store=osp&srno=s_5_200&otracker=search&fm=organic&iid=fd6a2af0-6571-4d88-96c2-d50bbae0af32.SFFH89HEGSFACG54.SEARCH&ppt=None&ppn=None&ssid=53dznvffzk0000001745986513251&qH=569084f9cab6eba9,500.0,1799,72,72.21
Abros,https://www.flipkart.com/abros-carter-running-shoes-men/p/itma2c46b7e677e8?pid=SHOH42AAVQRHEXF2&lid=LSTSHOH42AAVQRHEXF2GJZDPU&marketplace=FLIPKART&q=footwear&store=osp&srno=s_6_201&otracker=search&fm=organic&iid=en_nKisYCljS4bwn16koLK-oYNRfWHzIMotk5GJVmLXNtHzzW_uEe6HW_X0NIPUh3zrNbBnyVkCtk4RmKmMCLCsdvUFjCTyOHoHZs-Z5_PS_w0%3D&ppt=None&ppn=None&ssid=dy0lamb1dc0000001745986515848&qH=569084f9cab6eba9,719.0,1599,55,55.03
Abros,https://www.flipkart.com/abros-ramsay-running-shoes-men/p/itm8a77e638c42f1?pid=SHOH3JGNRHBSFHEM&lid=LSTSHOH3JGNRHBSFHEMMQV98G&marketplace=FLIPKART&q=footwear&store=osp&srno=s_6_202&otracker=search&fm=organic&iid=en_nKisYCljS4bwn16koLK-oYNRfWHzIMotk5GJVmLXNtHbCVkXyVCXemQEdtHoCEyvJQP6e6A4BbsXz00OY3nOrw%3D%3D&ppt=None&ppn=None&ssid=dy0lamb1dc0000001745986515848&qH=569084f9cab6eba9,989.0,2199,55,55.03
Bata,https://www.flipkart.com/bata-men-sandals/p/itmc5e913a0748a5?pid=SNDFRWS4MZGUE49V&lid=LSTSNDFRWS4MZGUE49VGPAFES&marketplace=FLIPKART&q=footwear&store=osp&srno=s_6_203&otracker=search&fm=organic&iid=7a47bfd9-3fec-4e2d-8077-fe93af320f08.SNDFRWS4MZGUE49V.SEARCH&ppt=None&ppn=None&ssid=dy0lamb1dc0000001745986515848&qH=569084f9cab6eba9,448.0,479,6,6.47
boxofjoy,https://www.flipkart.com/boxofjoy-women-flats/p/itmef5a19fd94ff7?pid=SNDH8TGEHZJ5YVDX&lid=LSTSNDH8TGEHZJ5YVDXTB3OM4&marketplace=FLIPKART&q=footwear&store=osp&srno=s_6_204&otracker=search&fm=organic&iid=7a47bfd9-3fec-4e2d-8077-fe93af320f08.SNDH8TGEHZJ5YVDX.SEARCH&ppt=None&ppn=None&ssid=dy0lamb1dc0000001745986515848&qH=569084f9cab6eba9,483.0,2199,78,78.04
asian,https://www.flipkart.com/asian-delta-20-white-sports-casual-walking-gym-men/p/itmb15dc7c96eabe?pid=SHOGCU8EMY8DBHUP&lid=LSTSHOGCU8EMY8DBHUPJ5IRVV&marketplace=FLIPKART&q=footwear&store=osp&srno=s_6_205&otracker=search&fm=organic&iid=7a47bfd9-3fec-4e2d-8077-fe93af320f08.SHOGCU8EMY8DBHUP.SEARCH&ppt=None&ppn=None&ssid=dy0lamb1dc0000001745986515848&qH=569084f9cab6eba9,1019.0,1299,21,21.56
ADIDAS,https://www.flipkart.com/adidas-runesy-m-running-shoes-men/p/itm76e16da0ba031?pid=SHOGAXNENTZWGHCT&lid=LSTSHOGAXNENTZWGHCTMUJH2N&marketplace=FLIPKART&q=footwear&store=osp&srno=s_6_206&otracker=search&fm=organic&iid=7a47bfd9-3fec-4e2d-8077-fe93af320f08.SHOGAXNENTZWGHCT.SEARCH&ppt=None&ppn=None&ssid=dy0lamb1dc0000001745986515848&qH=569084f9cab6eba9,2171.0,4299,49,49.5
CAMPUS,https://www.flipkart.com/campus-terminator-n-running-shoes-men/p/itm29ac3efb0d51d?pid=SHOG2QYYC4PZRWAF&lid=LSTSHOG2QYYC4PZRWAFCOQDPP&marketplace=FLIPKART&q=footwear&store=osp&srno=s_6_207&otracker=search&fm=organic&iid=en_nKisYCljS4bwn16koLK-oYNRfWHzIMotk5GJVmLXNtFRSDpDQOCO_Maqus1hyv-oBbiHW-b1wU_z0ZcoTYQhLg%3D%3D&ppt=None&ppn=None&ssid=dy0lamb1dc0000001745986515848&qH=569084f9cab6eba9,1554.0,2299,32,32.41
Abros,https://www.flipkart.com/abros-zona-n-running-shoes-men/p/itm54c514ed8e2f2?pid=SHOGC2M9GVV4GGT9&lid=LSTSHOGC2M9GVV4GGT9XW65X0&marketplace=FLIPKART&q=footwear&store=osp&srno=s_6_208&otracker=search&fm=organic&iid=en_nKisYCljS4bwn16koLK-oYNRfWHzIMotk5GJVmLXNtGWA_e59wpbQrh59VQXaQgr7nOlBFfpY-luPzTIgn1D2A%3D%3D&ppt=None&ppn=None&ssid=dy0lamb1dc0000001745986515848&qH=569084f9cab6eba9,783.0,1119,30,30.03
CAMPUS,https://www.flipkart.com/campus-stonic-men-s-sports-shoes-memory-foam-comfort-support-tech-lace-up-training-gym-men/p/itme1aee7cc6e334?pid=SHOGY6RRCQHQ4JTW&lid=LSTSHOGY6RRCQHQ4JTWKBLGB8&marketplace=FLIPKART&q=footwear&store=osp&srno=s_6_209&otracker=search&fm=organic&iid=7a47bfd9-3fec-4e2d-8077-fe93af320f08.SHOGY6RRCQHQ4JTW.SEARCH&ppt=None&ppn=None&ssid=dy0lamb1dc0000001745986515848&qH=569084f9cab6eba9,1243.0,1699,26,26.84
Gloglamp,https://www.flipkart.com/gloglamp-women-slides/p/itmd55ee2bf4d0c9?pid=SFFH2FHGYXBGUAJ9&lid=LSTSFFH2FHGYXBGUAJ94R7E2N&marketplace=FLIPKART&q=footwear&store=osp&srno=s_6_210&otracker=search&fm=organic&iid=7a47bfd9-3fec-4e2d-8077-fe93af320f08.SFFH2FHGYXBGUAJ9.SEARCH&ppt=None&ppn=None&ssid=dy0lamb1dc0000001745986515848&qH=569084f9cab6eba9,767.0,1999,61,61.63
CAMPUS,https://www.flipkart.com/campus-north-plus-walking-shoes-men/p/itm9669687c56df2?pid=SHOFY4DPNNKQ5AD4&lid=LSTSHOFY4DPNNKQ5AD4LV31RI&marketplace=FLIPKART&q=footwear&store=osp&srno=s_6_211&otracker=search&fm=organic&iid=en_nKisYCljS4bwn16koLK-oYNRfWHzIMotk5GJVmLXNtH3tKn1_Lhla2osSzc_NYHYLjDEw9D2OglkDZ2m9RxD_g%3D%3D&ppt=None&ppn=None&ssid=dy0lamb1dc0000001745986515848&qH=569084f9cab6eba9,1332.0,1899,29,29.86
action,https://www.flipkart.com/action-walker-101-light-weight-comfortable-trendy-outdoor-breathable-walking-slip-on-men/p/itm46d7115466e68?pid=SHOGXZ96C7GYZDYG&lid=LSTSHOGXZ96C7GYZDYGOAMRIM&marketplace=FLIPKART&q=footwear&store=osp&srno=s_6_212&otracker=search&fm=organic&iid=7a47bfd9-3fec-4e2d-8077-fe93af320f08.SHOGXZ96C7GYZDYG.SEARCH&ppt=None&ppn=None&ssid=dy0lamb1dc0000001745986515848&qH=569084f9cab6eba9,712.0,1699,58,58.09
asian,https://www.flipkart.com/asian-casual-sneaker-shoes-men-enhanced-comfort-cushioned-insole-high-tops/p/itm7fe6141f82dc9?pid=SHOGRZMDXZEZVPZ8&lid=LSTSHOGRZMDXZEZVPZ8G9RKXI&marketplace=FLIPKART&q=footwear&store=osp&srno=s_6_213&otracker=search&fm=organic&iid=7a47bfd9-3fec-4e2d-8077-fe93af320f08.SHOGRZMDXZEZVPZ8.SEARCH&ppt=None&ppn=None&ssid=dy0lamb1dc0000001745986515848&qH=569084f9cab6eba9,846.0,1499,43,43.56
FLITE,https://www.flipkart.com/flite-women-slippers/p/itm0db4248c096d2?pid=SFFGYCHKEYVYHZZA&lid=LSTSFFGYCHKEYVYHZZA7DESWQ&marketplace=FLIPKART&q=footwear&store=osp&srno=s_6_214&otracker=search&fm=organic&iid=7a47bfd9-3fec-4e2d-8077-fe93af320f08.SFFGYCHKEYVYHZZA.SEARCH&ppt=None&ppn=None&ssid=dy0lamb1dc0000001745986515848&qH=569084f9cab6eba9,225.0,549,59,59.02
Dressberry,https://www.flipkart.com/dressberry-db-56-casuals-women/p/itmab329ef2907fb?pid=SHOHBY2SKCFC46EY&lid=LSTSHOHBY2SKCFC46EYG0TL2L&marketplace=FLIPKART&q=footwear&store=osp&srno=s_6_215&otracker=search&fm=organic&iid=7a47bfd9-3fec-4e2d-8077-fe93af320f08.SHOHBY2SKCFC46EY.SEARCH&ppt=None&ppn=None&ssid=dy0lamb1dc0000001745986515848&qH=569084f9cab6eba9,599.0,999,40,40.04
asian,https://www.flipkart.com/asian-boys-lace-running-shoes/p/itm53d5d2f56881c?pid=KSSH4EFZFZCPG6EF&lid=LSTKSSH4EFZFZCPG6EFUA08MO&marketplace=FLIPKART&q=footwear&store=osp&srno=s_6_216&otracker=search&fm=organic&iid=7a47bfd9-3fec-4e2d-8077-fe93af320f08.KSSH4EFZFZCPG6EF.SEARCH&ppt=None&ppn=None&ssid=dy0lamb1dc0000001745986515848&qH=569084f9cab6eba9,576.0,1499,61,61.57
Sparx,https://www.flipkart.com/sparx-ss-453-men-sandals/p/itm9ddff440ac529?pid=SNDF7DVBYV3PXTYC&lid=LSTSNDF7DVBYV3PXTYCNNZAAM&marketplace=FLIPKART&q=footwear&store=osp&srno=s_6_217&otracker=search&fm=organic&iid=7a47bfd9-3fec-4e2d-8077-fe93af320f08.SNDF7DVBYV3PXTYC.SEARCH&ppt=None&ppn=None&ssid=dy0lamb1dc0000001745986515848&qH=569084f9cab6eba9,699.0,949,26,26.34
Sparx,https://www.flipkart.com/sparx-ss-502-men-sandals/p/itmb8328c49900b9?pid=SNDEBPYCPT5C8HS5&lid=LSTSNDEBPYCPT5C8HS5AOAI8Z&marketplace=FLIPKART&q=footwear&store=osp&srno=s_6_218&otracker=search&fm=organic&iid=7a47bfd9-3fec-4e2d-8077-fe93af320f08.SNDEBPYCPT5C8HS5.SEARCH&ppt=None&ppn=None&ssid=dy0lamb1dc0000001745986515848&qH=569084f9cab6eba9,1008.0,1199,15,15.93
Roadster,https://www.flipkart.com/roadster-women-heels/p/itm09b399e0d0a47?pid=SNDHAXSHJAFFAXHE&lid=LSTSNDHAXSHJAFFAXHEAWSQI6&marketplace=FLIPKART&q=footwear&store=osp&srno=s_6_219&otracker=search&fm=organic&iid=7a47bfd9-3fec-4e2d-8077-fe93af320f08.SNDHAXSHJAFFAXHE.SEARCH&ppt=None&ppn=None&ssid=dy0lamb1dc0000001745986515848&qH=569084f9cab6eba9,1058.0,2499,57,57.66
action,https://www.flipkart.com/action-men-aptm-14-slippers/p/itm896107c32a123?pid=SFFHFVDYZGXVDM4M&lid=LSTSFFHFVDYZGXVDM4M7DS1ES&marketplace=FLIPKART&q=footwear&store=osp&srno=s_6_220&otracker=search&fm=organic&iid=7a47bfd9-3fec-4e2d-8077-fe93af320f08.SFFHFVDYZGXVDM4M.SEARCH&ppt=None&ppn=None&ssid=dy0lamb1dc0000001745986515848&qH=569084f9cab6eba9,429.0,1499,71,71.38
Paragon,https://www.flipkart.com/paragon-men-puk2216g-men-s-grey-pu-sandal-lightweight-comfortable-dailyuse-slippers-flip-flops/p/itm6ecedea314b1a?pid=SFFGPHQVEJ9XEY8B&lid=LSTSFFGPHQVEJ9XEY8BJFC592&marketplace=FLIPKART&q=footwear&store=osp&srno=s_6_221&otracker=search&fm=organic&iid=7a47bfd9-3fec-4e2d-8077-fe93af320f08.SFFGPHQVEJ9XEY8B.SEARCH&ppt=None&ppn=None&ssid=dy0lamb1dc0000001745986515848&qH=569084f9cab6eba9,209.0,639,67,67.29
CAMPUS,https://www.flipkart.com/campus-men-flip-flops/p/itm26b6c9329fd42?pid=SFFGHY44ATFQPMD5&lid=LSTSFFGHY44ATFQPMD54ANNNJ&marketplace=FLIPKART&q=footwear&store=osp&srno=s_6_222&otracker=search&fm=organic&iid=7a47bfd9-3fec-4e2d-8077-fe93af320f08.SFFGHY44ATFQPMD5.SEARCH&ppt=None&ppn=None&ssid=dy0lamb1dc0000001745986515848&qH=569084f9cab6eba9,629.0,649,3,3.08
Dressberry,https://www.flipkart.com/dressberry-db-67-1-casuals-women/p/itm112c6c42d960a?pid=SHOHBY2SVD7KMEDY&lid=LSTSHOHBY2SVD7KMEDYHNQXN3&marketplace=FLIPKART&q=footwear&store=osp&srno=s_6_223&otracker=search&fm=organic&iid=7a47bfd9-3fec-4e2d-8077-fe93af320f08.SHOHBY2SVD7KMEDY.SEARCH&ppt=None&ppn=None&ssid=dy0lamb1dc0000001745986515848&qH=569084f9cab6eba9,599.0,1299,53,53.89
Adda,https://www.flipkart.com/adda-men-flip-flops/p/itm2e08913147631?pid=SFFGBXWSVFXFT2SH&lid=LSTSFFGBXWSVFXFT2SHOVLZNY&marketplace=FLIPKART&q=footwear&store=osp&srno=s_6_224&otracker=search&fm=organic&iid=7a47bfd9-3fec-4e2d-8077-fe93af320f08.SFFGBXWSVFXFT2SH.SEARCH&ppt=None&ppn=None&ssid=dy0lamb1dc0000001745986515848&qH=569084f9cab6eba9,965.0,999,3,3.4
FLITE,https://www.flipkart.com/flite-men-slides/p/itm3111259aa6008?pid=SFFGBUPFXMEP3KHJ&lid=LSTSFFGBUPFXMEP3KHJ8RIV0E&marketplace=FLIPKART&q=footwear&store=osp&srno=s_6_225&otracker=search&fm=organic&iid=7a47bfd9-3fec-4e2d-8077-fe93af320f08.SFFGBUPFXMEP3KHJ.SEARCH&ppt=None&ppn=None&ssid=dy0lamb1dc0000001745986515848&qH=569084f9cab6eba9,229.0,345,33,33.62
Abros,https://www.flipkart.com/abros-tylor-sneakers-men/p/itm8555e45894ebb?pid=SHOGNVVJAZSPHHGW&lid=LSTSHOGNVVJAZSPHHGWOE2MSX&marketplace=FLIPKART&q=footwear&store=osp&srno=s_6_226&otracker=search&fm=organic&iid=7a47bfd9-3fec-4e2d-8077-fe93af320f08.SHOGNVVJAZSPHHGW.SEARCH&ppt=None&ppn=None&ssid=dy0lamb1dc0000001745986515848&qH=569084f9cab6eba9,1214.0,2699,55,55.02
AAYPEE,https://www.flipkart.com/aaypee-sneakers-men/p/itm3931b3300d52d?pid=SHOGT78FPGT3GAHG&lid=LSTSHOGT78FPGT3GAHGXMCM4W&marketplace=FLIPKART&q=footwear&store=osp&srno=s_6_227&otracker=search&fm=organic&iid=7a47bfd9-3fec-4e2d-8077-fe93af320f08.SHOGT78FPGT3GAHG.SEARCH&ppt=None&ppn=None&ssid=dy0lamb1dc0000001745986515848&qH=569084f9cab6eba9,290.0,999,70,70.97
JQR,https://www.flipkart.com/jqr-excel-sports-shoes-walking-trendy-lightweight-trekking-stylish-running-shoes-men/p/itm74199d6fd2764?pid=SHOGHZGWXTN4PZFB&lid=LSTSHOGHZGWXTN4PZFBGFZJXJ&marketplace=FLIPKART&q=footwear&store=osp&srno=s_6_228&otracker=search&fm=organic&iid=7a47bfd9-3fec-4e2d-8077-fe93af320f08.SHOGHZGWXTN4PZFB.SEARCH&ppt=None&ppn=None&ssid=dy0lamb1dc0000001745986515848&qH=569084f9cab6eba9,530.0,899,41,41.05
action,https://www.flipkart.com/action-athleo-atg-487-light-weight-comfortable-trendy-running-breathable-gym-men/p/itm02716df9c69c4?pid=SHOGE95BR6CBTUVB&lid=LSTSHOGE95BR6CBTUVBODVGQ7&marketplace=FLIPKART&q=footwear&store=osp&srno=s_6_229&otracker=search&fm=organic&iid=7a47bfd9-3fec-4e2d-8077-fe93af320f08.SHOGE95BR6CBTUVB.SEARCH&ppt=None&ppn=None&ssid=dy0lamb1dc0000001745986515848&qH=569084f9cab6eba9,964.0,2299,58,58.07
Abros,https://www.flipkart.com/abros-arizona-n-running-shoes-men/p/itm54c514ed8e2f2?pid=SHOGC2M9RAYP5SF4&lid=LSTSHOGC2M9RAYP5SF4IKYR3M&marketplace=FLIPKART&q=footwear&store=osp&srno=s_6_230&otracker=search&fm=organic&iid=7a47bfd9-3fec-4e2d-8077-fe93af320f08.SHOGC2M9RAYP5SF4.SEARCH&ppt=None&ppn=None&ssid=dy0lamb1dc0000001745986515848&qH=569084f9cab6eba9,799.0,1119,28,28.6
MOCHI,https://www.flipkart.com/mochi-loafers-men/p/itm2f922665749f6?pid=SHOG9WUV7GJFQPEG&lid=LSTSHOG9WUV7GJFQPEGMBHNU4&marketplace=FLIPKART&q=footwear&store=osp&srno=s_6_231&otracker=search&fm=organic&iid=7a47bfd9-3fec-4e2d-8077-fe93af320f08.SHOG9WUV7GJFQPEG.SEARCH&ppt=None&ppn=None&ssid=dy0lamb1dc0000001745986515848&qH=569084f9cab6eba9,1619.0,2490,34,34.98
FLITE,https://www.flipkart.com/flite-women-slippers/p/itma01f78519b09d?pid=SFFGARS2MQGEHGYZ&lid=LSTSFFGARS2MQGEHGYZ6JQKPH&marketplace=FLIPKART&q=footwear&store=osp&srno=s_6_232&otracker=search&fm=organic&iid=7a47bfd9-3fec-4e2d-8077-fe93af320f08.SFFGARS2MQGEHGYZ.SEARCH&ppt=None&ppn=None&ssid=dy0lamb1dc0000001745986515848&qH=569084f9cab6eba9,220.0,749,70,70.63
action,https://www.flipkart.com/action-boys-girls-velcro-school-shoes/p/itmff2dsw5muhxfd?pid=KSSFFFZYFYZEQH2X&lid=LSTKSSFFFZYFYZEQH2XBQABDY&marketplace=FLIPKART&q=footwear&store=osp&srno=s_6_233&otracker=search&fm=organic&iid=7a47bfd9-3fec-4e2d-8077-fe93af320f08.KSSFFFZYFYZEQH2X.SEARCH&ppt=None&ppn=None&ssid=dy0lamb1dc0000001745986515848&qH=569084f9cab6eba9,699.0,999,30,30.03
FLITE,https://www.flipkart.com/flite-men-slippers/p/itm1fd53a53fe61c?pid=SFFFXPUXFSGDMG2P&lid=LSTSFFFXPUXFSGDMG2PCL1NGL&marketplace=FLIPKART&q=footwear&store=osp&srno=s_6_234&otracker=search&fm=organic&iid=7a47bfd9-3fec-4e2d-8077-fe93af320f08.SFFFXPUXFSGDMG2P.SEARCH&ppt=None&ppn=None&ssid=dy0lamb1dc0000001745986515848&qH=569084f9cab6eba9,255.0,453,43,43.71
Sparx,https://www.flipkart.com/sparx-ss-713-men-sandals/p/itm6fa5ea8a22352?pid=SNDGAYMGGJSRZVCB&lid=LSTSNDGAYMGGJSRZVCBNF95QT&marketplace=FLIPKART&q=footwear&store=osp&srno=s_6_235&otracker=search&fm=organic&iid=7a47bfd9-3fec-4e2d-8077-fe93af320f08.SNDGAYMGGJSRZVCB.SEARCH&ppt=None&ppn=None&ssid=dy0lamb1dc0000001745986515848&qH=569084f9cab6eba9,649.0,0,0,0.0
Bata,https://www.flipkart.com/bata-men-sandals/p/itm63e031ea917d4?pid=SNDFV9YKVUZNFCZG&lid=LSTSNDFV9YKVUZNFCZGMZLHU9&marketplace=FLIPKART&q=footwear&store=osp&srno=s_6_236&otracker=search&fm=organic&iid=7a47bfd9-3fec-4e2d-8077-fe93af320f08.SNDFV9YKVUZNFCZG.SEARCH&ppt=None&ppn=None&ssid=dy0lamb1dc0000001745986515848&qH=569084f9cab6eba9,999.0,1199,16,16.68
Sparx,https://www.flipkart.com/sparx-ss-103-men-sandals/p/itm7dd3d5790f4f7?pid=SNDEG8GTU7JHW4GU&lid=LSTSNDEG8GTU7JHW4GUPRCUI5&marketplace=FLIPKART&q=footwear&store=osp&srno=s_6_237&otracker=search&fm=organic&iid=7a47bfd9-3fec-4e2d-8077-fe93af320f08.SNDEG8GTU7JHW4GU.SEARCH&ppt=None&ppn=None&ssid=dy0lamb1dc0000001745986515848&qH=569084f9cab6eba9,649.0,899,27,27.81
Paragon,https://www.flipkart.com/paragon-men-puk2216g-men-s-navy-blue-pu-sandal-lightweight-comfortable-everyday-slippers-flip-flops/p/itm70715b9a25d37?pid=SFFGPHQVQWGGRAHG&lid=LSTSFFGPHQVQWGGRAHGC0SHAC&marketplace=FLIPKART&q=footwear&store=osp&srno=s_6_238&otracker=search&fm=organic&iid=7a47bfd9-3fec-4e2d-8077-fe93af320f08.SFFGPHQVQWGGRAHG.SEARCH&ppt=None&ppn=None&ssid=dy0lamb1dc0000001745986515848&qH=569084f9cab6eba9,353.0,639,44,44.76
FLITE,https://www.flipkart.com/flite-men-flip-flops/p/itm82c4b04ed5a5a?pid=SFFGENTXZMPSGH9M&lid=LSTSFFGENTXZMPSGH9M7SYITW&marketplace=FLIPKART&q=footwear&store=osp&srno=s_6_239&otracker=search&fm=organic&iid=7a47bfd9-3fec-4e2d-8077-fe93af320f08.SFFGENTXZMPSGH9M.SEARCH&ppt=None&ppn=None&ssid=dy0lamb1dc0000001745986515848&qH=569084f9cab6eba9,324.0,449,27,27.84
RED TAPE,https://www.flipkart.com/red-tape-men-clogs/p/itm4f0a1613ace2d?pid=SNDGWY3ZHRMGHNKZ&lid=LSTSNDGWY3ZHRMGHNKZ3ENHDO&marketplace=FLIPKART&q=footwear&store=osp&srno=s_6_240&otracker=search&fm=organic&iid=7a47bfd9-3fec-4e2d-8077-fe93af320f08.SNDGWY3ZHRMGHNKZ.SEARCH&ppt=None&ppn=None&ssid=dy0lamb1dc0000001745986515848&qH=569084f9cab6eba9,543.0,3499,84,84.48
Abros,https://www.flipkart.com/abros-carter-running-shoes-men/p/itma2c46b7e677e8?pid=SHOH42AA94HXHHGP&lid=LSTSHOH42AA94HXHHGPQXXSBY&marketplace=FLIPKART&q=footwear&store=osp&srno=s_7_241&otracker=search&fm=organic&iid=en_PzTF-sRIx94uh86MWCTYLfW8IxXXfBOPF5b9EMb5PkDjN_n1KXIFFnrpHqrvtXAwL8Aicis7amwHXlMbp9wH-vUFjCTyOHoHZs-Z5_PS_w0%3D&ppt=None&ppn=None&ssid=u7vidi8n1s0000001745986519444&qH=569084f9cab6eba9,719.0,1599,55,55.03
aadi,https://www.flipkart.com/aadi-men-sandals/p/itm59812203ec39b?pid=SNDG4JHNQ6TYFVJG&lid=LSTSNDG4JHNQ6TYFVJGW0IHKU&marketplace=FLIPKART&q=footwear&store=osp&srno=s_7_242&otracker=search&fm=organic&iid=en_PzTF-sRIx94uh86MWCTYLfW8IxXXfBOPF5b9EMb5PkBxM0hkPQfQUyZAFjolGcy_Uzkb4Ivz29ezXQblVLw1BA%3D%3D&ppt=None&ppn=None&ssid=u7vidi8n1s0000001745986519444&qH=569084f9cab6eba9,411.0,1999,79,79.44
asian,https://www.flipkart.com/asian-boys-lace-sneakers/p/itm898855a1f8e86?pid=KSSH7Q8MR3Z65KH3&lid=LSTKSSH7Q8MR3Z65KH3ZEXUFI&marketplace=FLIPKART&q=footwear&store=osp&srno=s_7_243&otracker=search&fm=organic&iid=6096ebcb-0654-400e-98f3-9dd51b5e7463.KSSH7Q8MR3Z65KH3.SEARCH&ppt=None&ppn=None&ssid=u7vidi8n1s0000001745986519444&qH=569084f9cab6eba9,537.0,1199,55,55.21
CAMPUS,https://www.flipkart.com/campus-men-slides/p/itm7d69bc7e49df1?pid=SFFGEVP2HD3ZGVJS&lid=LSTSFFGEVP2HD3ZGVJS9TIFTL&marketplace=FLIPKART&q=footwear&store=osp&srno=s_7_244&otracker=search&fm=organic&iid=6096ebcb-0654-400e-98f3-9dd51b5e7463.SFFGEVP2HD3ZGVJS.SEARCH&ppt=None&ppn=None&ssid=u7vidi8n1s0000001745986519444&qH=569084f9cab6eba9,649.0,0,0,0.0
PUMA,https://www.flipkart.com/puma-men-stellar-slide-v6-slides/p/itmb72a45871d5b2?pid=SFFGBHQKXGV8YC3Y&lid=LSTSFFGBHQKXGV8YC3YWNMNI2&marketplace=FLIPKART&q=footwear&store=osp&srno=s_7_245&otracker=search&fm=organic&iid=6096ebcb-0654-400e-98f3-9dd51b5e7463.SFFGBHQKXGV8YC3Y.SEARCH&ppt=None&ppn=None&ssid=u7vidi8n1s0000001745986519444&qH=569084f9cab6eba9,585.0,1299,54,54.97
Adda,https://www.flipkart.com/adda-men-flip-flops/p/itm7c8a1e597ca1c?pid=SFFGAF4SRVHHW2JY&lid=LSTSFFGAF4SRVHHW2JYKMA6UR&marketplace=FLIPKART&q=footwear&store=osp&srno=s_7_246&otracker=search&fm=organic&iid=6096ebcb-0654-400e-98f3-9dd51b5e7463.SFFGAF4SRVHHW2JY.SEARCH&ppt=None&ppn=None&ssid=u7vidi8n1s0000001745986519444&qH=569084f9cab6eba9,845.0,899,6,6.01
BRUTON,https://www.flipkart.com/bruton-men-sandals/p/itm36f0752568872?pid=SNDGZGFYD5WUJYRU&lid=LSTSNDGZGFYD5WUJYRU4UCW2A&marketplace=FLIPKART&q=footwear&store=osp&srno=s_7_247&otracker=search&fm=organic&iid=en_PzTF-sRIx94uh86MWCTYLfW8IxXXfBOPF5b9EMb5PkBuD-Ma3R0KtkoKX6GTRs2bR75b77dtxAoKRAcJUGjYUQ%3D%3D&ppt=None&ppn=None&ssid=u7vidi8n1s0000001745986519444&qH=569084f9cab6eba9,286.0,1299,77,77.98
JQR,https://www.flipkart.com/jqr-dj-sports-shoes-walking-lightweight-trekking-stylish-running-shoes-men/p/itmcc0f5983b0567?pid=SHOG4PAHCY2JMVSQ&lid=LSTSHOG4PAHCY2JMVSQCJ226H&marketplace=FLIPKART&q=footwear&store=osp&srno=s_7_248&otracker=search&fm=organic&iid=en_PzTF-sRIx94uh86MWCTYLfW8IxXXfBOPF5b9EMb5PkCThF5KdyY5oEiN2aBVGNzPTAHDAM3xWa5uZCT7ahwMKA%3D%3D&ppt=None&ppn=None&ssid=u7vidi8n1s0000001745986519444&qH=569084f9cab6eba9,909.0,1299,30,30.02
FLITE,https://www.flipkart.com/flite-men-slippers/p/itmec07e5e27beda?pid=SFFFS4ZD7PGXH7ZX&lid=LSTSFFFS4ZD7PGXH7ZXCQZ9MQ&marketplace=FLIPKART&q=footwear&store=osp&srno=s_7_249&otracker=search&fm=organic&iid=6096ebcb-0654-400e-98f3-9dd51b5e7463.SFFFS4ZD7PGXH7ZX.SEARCH&ppt=None&ppn=None&ssid=u7vidi8n1s0000001745986519444&qH=569084f9cab6eba9,299.0,434,31,31.11
PICAASO,https://www.flipkart.com/picaaso-men-sports-sandals/p/itm4109d0e863601?pid=SNDGNGKVN54BDB2U&lid=LSTSNDGNGKVN54BDB2ULWCUZH&marketplace=FLIPKART&q=footwear&store=osp&srno=s_7_250&otracker=search&fm=organic&iid=6096ebcb-0654-400e-98f3-9dd51b5e7463.SNDGNGKVN54BDB2U.SEARCH&ppt=None&ppn=None&ssid=u7vidi8n1s0000001745986519444&qH=569084f9cab6eba9,458.0,1299,64,64.74
aadi,https://www.flipkart.com/aadi-men-sandals/p/itm63d5eeded4d21?pid=SNDH438JNVA4JTTK&lid=LSTSNDH438JNVA4JTTKV3VH8G&marketplace=FLIPKART&q=footwear&store=osp&srno=s_7_251&otracker=search&fm=organic&iid=en_PzTF-sRIx94uh86MWCTYLfW8IxXXfBOPF5b9EMb5PkDTrL49-7nus7mQCk319UDm8m2tGadJtZK9UYMD2qIK2g%3D%3D&ppt=None&ppn=None&ssid=u7vidi8n1s0000001745986519444&qH=569084f9cab6eba9,469.0,1999,76,76.54
BRUTON,https://www.flipkart.com/bruton-men-sandals/p/itm22a5edf1ed4bc?pid=SNDH27K3CMQJZ29U&lid=LSTSNDH27K3CMQJZ29UBFWNUB&marketplace=FLIPKART&q=footwear&store=osp&srno=s_7_252&otracker=search&fm=organic&iid=en_PzTF-sRIx94uh86MWCTYLfW8IxXXfBOPF5b9EMb5PkCpl1xv78YvssjMzwUBakyHzZ9BUasHrjF8dflklkCU5g%3D%3D&ppt=None&ppn=None&ssid=u7vidi8n1s0000001745986519444&qH=569084f9cab6eba9,297.0,1299,77,77.14
Sparx,https://www.flipkart.com/sparx-ss-453-men-sandals/p/itmaf7aa856c5ec0?pid=SNDFPKNHRND6QWRA&lid=LSTSNDFPKNHRND6QWRAZBWCNP&marketplace=FLIPKART&q=footwear&store=osp&srno=s_7_253&otracker=search&fm=organic&iid=6096ebcb-0654-400e-98f3-9dd51b5e7463.SNDFPKNHRND6QWRA.SEARCH&ppt=None&ppn=None&ssid=u7vidi8n1s0000001745986519444&qH=569084f9cab6eba9,749.0,999,25,25.03
Bata,https://www.flipkart.com/bata-remo-grass-men-clogs/p/itm6cdb3d900c8a2?pid=SHOFZ9ZVGS76344Y&lid=LSTSHOFZ9ZVGS76344YZ4UYUJ&marketplace=FLIPKART&q=footwear&store=osp&srno=s_7_254&otracker=search&fm=organic&iid=6096ebcb-0654-400e-98f3-9dd51b5e7463.SHOFZ9ZVGS76344Y.SEARCH&ppt=None&ppn=None&ssid=u7vidi8n1s0000001745986519444&qH=569084f9cab6eba9,999.0,1199,16,16.68
asian,https://www.flipkart.com/asian-future-01-grey-walking-training-sports-casual-running-shoes-men/p/itmf3xv87vgdggyn?pid=SHOEEBH7ACJHW6C2&lid=LSTSHOEEBH7ACJHW6C2BRJRVN&marketplace=FLIPKART&q=footwear&store=osp&srno=s_7_255&otracker=search&fm=organic&iid=6096ebcb-0654-400e-98f3-9dd51b5e7463.SHOEEBH7ACJHW6C2.SEARCH&ppt=None&ppn=None&ssid=u7vidi8n1s0000001745986519444&qH=569084f9cab6eba9,684.0,999,31,31.53
CAMPUS,https://www.flipkart.com/campus-royce-2-men-s-sports-shoes-comfy-mesh-upper-enhanced-airflow-lace-up-walking-men/p/itmc9c953a3c1d0c?pid=DHYFHFV5JHHGJY63&lid=LSTDHYFHFV5JHHGJY63WUMORY&marketplace=FLIPKART&q=footwear&store=osp&srno=s_7_256&otracker=search&fm=organic&iid=6096ebcb-0654-400e-98f3-9dd51b5e7463.DHYFHFV5JHHGJY63.SEARCH&ppt=None&ppn=None&ssid=u7vidi8n1s0000001745986519444&qH=569084f9cab6eba9,929.0,1499,38,38.03
asian,https://www.flipkart.com/asian-hypercushion-01-gym-sports-training-stylish-extra-comfort-training-gym-shoes-men/p/itm39a35417ad7c0?pid=SHOGUXGURJ5ZWGTD&lid=LSTSHOGUXGURJ5ZWGTD1JBDCB&marketplace=FLIPKART&q=footwear&store=osp&srno=s_7_257&otracker=search&fm=organic&iid=6096ebcb-0654-400e-98f3-9dd51b5e7463.SHOGUXGURJ5ZWGTD.SEARCH&ppt=None&ppn=None&ssid=u7vidi8n1s0000001745986519444&qH=569084f9cab6eba9,1652.0,2899,43,43.01
Vellinto,https://www.flipkart.com/vellinto-squirter-outdoor-boots-men-ll-casual-miliatry/p/itmc3886b0a05903?pid=SHOGSVKUFR6M3ZYU&lid=LSTSHOGSVKUFR6M3ZYUIPSSNF&marketplace=FLIPKART&q=footwear&store=osp&srno=s_7_258&otracker=search&fm=organic&iid=6096ebcb-0654-400e-98f3-9dd51b5e7463.SHOGSVKUFR6M3ZYU.SEARCH&ppt=None&ppn=None&ssid=u7vidi8n1s0000001745986519444&qH=569084f9cab6eba9,916.0,1299,29,29.48
CAMPUS,https://www.flipkart.com/campus-crysta-pro-running-shoes-men/p/itmc31a1b533a9f8?pid=SHOGANAAZFDVVDR6&lid=LSTSHOGANAAZFDVVDR6QASBAD&marketplace=FLIPKART&q=footwear&store=osp&srno=s_7_259&otracker=search&fm=organic&iid=6096ebcb-0654-400e-98f3-9dd51b5e7463.SHOGANAAZFDVVDR6.SEARCH&ppt=None&ppn=None&ssid=u7vidi8n1s0000001745986519444&qH=569084f9cab6eba9,914.0,1499,39,39.03
asian,https://www.flipkart.com/asian-cute-sports-shoes-women-running-girls-stylish-latest-design-new-fashion-casual-sneakers-ladies-lace-up-lightweight-pink-jogging-walking-gym-party/p/itmfgnquqjghwjzc?pid=SHOEEF3QZSZZY6HK&lid=LSTSHOEEF3QZSZZY6HKUOD4Q2&marketplace=FLIPKART&q=footwear&store=osp&srno=s_7_260&otracker=search&fm=organic&iid=6096ebcb-0654-400e-98f3-9dd51b5e7463.SHOEEF3QZSZZY6HK.SEARCH&ppt=None&ppn=None&ssid=u7vidi8n1s0000001745986519444&qH=569084f9cab6eba9,707.0,799,11,11.51
BERSACHE,https://www.flipkart.com/bersache-boys-lace-running-shoes/p/itmcc52fcacfb1c3?pid=KSSH3CKZVESYCRMW&lid=LSTKSSH3CKZVESYCRMWPIBGIM&marketplace=FLIPKART&q=footwear&store=osp&srno=s_7_261&otracker=search&fm=organic&iid=6096ebcb-0654-400e-98f3-9dd51b5e7463.KSSH3CKZVESYCRMW.SEARCH&ppt=None&ppn=None&ssid=u7vidi8n1s0000001745986519444&qH=569084f9cab6eba9,300.0,499,39,39.88
BERSACHE,https://www.flipkart.com/bersache-men-slides/p/itm2707e57248811?pid=SFFHFQZKQGNRNXVE&lid=LSTSFFHFQZKQGNRNXVEBFJX0D&marketplace=FLIPKART&q=footwear&store=osp&srno=s_7_262&otracker=search&fm=organic&iid=6096ebcb-0654-400e-98f3-9dd51b5e7463.SFFHFQZKQGNRNXVE.SEARCH&ppt=None&ppn=None&ssid=u7vidi8n1s0000001745986519444&qH=569084f9cab6eba9,274.0,1999,86,86.29
FLITE,https://www.flipkart.com/flite-men-slippers/p/itm1f124b034e93e?pid=SFFHFFQQCYNUQZXR&lid=LSTSFFHFFQQCYNUQZXR0SDMBD&marketplace=FLIPKART&q=footwear&store=osp&srno=s_7_263&otracker=search&fm=organic&iid=6096ebcb-0654-400e-98f3-9dd51b5e7463.SFFHFFQQCYNUQZXR.SEARCH&ppt=None&ppn=None&ssid=u7vidi8n1s0000001745986519444&qH=569084f9cab6eba9,224.0,599,62,62.6
Relaxo,https://www.flipkart.com/relaxo-men-slippers/p/itm9f1ebe753a7b8?pid=SFFGTKKRYENYUDTG&lid=LSTSFFGTKKRYENYUDTG9CDJ8D&marketplace=FLIPKART&q=footwear&store=osp&srno=s_7_264&otracker=search&fm=organic&iid=6096ebcb-0654-400e-98f3-9dd51b5e7463.SFFGTKKRYENYUDTG.SEARCH&ppt=None&ppn=None&ssid=u7vidi8n1s0000001745986519444&qH=569084f9cab6eba9,219.0,299,26,26.76
FLITE,https://www.flipkart.com/flite-men-slippers/p/itm1fd53a53fe61c?pid=SFFFXPUYTPEUU8RS&lid=LSTSFFFXPUYTPEUU8RST569CP&marketplace=FLIPKART&q=footwear&store=osp&srno=s_7_265&otracker=search&fm=organic&iid=6096ebcb-0654-400e-98f3-9dd51b5e7463.SFFFXPUYTPEUU8RS.SEARCH&ppt=None&ppn=None&ssid=u7vidi8n1s0000001745986519444&qH=569084f9cab6eba9,255.0,704,63,63.78
Adda,https://www.flipkart.com/adda-men-slides/p/itmeb950bc36390d?pid=SFFF5BESFSGZEGRV&lid=LSTSFFF5BESFSGZEGRV1SPVJO&marketplace=FLIPKART&q=footwear&store=osp&srno=s_7_266&otracker=search&fm=organic&iid=6096ebcb-0654-400e-98f3-9dd51b5e7463.SFFF5BESFSGZEGRV.SEARCH&ppt=None&ppn=None&ssid=u7vidi8n1s0000001745986519444&qH=569084f9cab6eba9,500.0,649,22,22.96
Sparx,https://www.flipkart.com/sparx-men-sfg-515-flip-flops/p/itm419caa0a7bcbf?pid=SFFEKKHWUKJYQB6H&lid=LSTSFFEKKHWUKJYQB6HIN1JXS&marketplace=FLIPKART&q=footwear&store=osp&srno=s_7_267&otracker=search&fm=organic&iid=6096ebcb-0654-400e-98f3-9dd51b5e7463.SFFEKKHWUKJYQB6H.SEARCH&ppt=None&ppn=None&ssid=u7vidi8n1s0000001745986519444&qH=569084f9cab6eba9,349.0,499,30,30.06
Svaar,https://www.flipkart.com/svaar-men-clogs/p/itm5077a80e22e30?pid=SNDGZYHUUCMQWCKG&lid=LSTSNDGZYHUUCMQWCKGPT9MMX&marketplace=FLIPKART&q=footwear&store=osp&srno=s_7_268&otracker=search&fm=organic&iid=6096ebcb-0654-400e-98f3-9dd51b5e7463.SNDGZYHUUCMQWCKG.SEARCH&ppt=None&ppn=None&ssid=u7vidi8n1s0000001745986519444&qH=569084f9cab6eba9,537.0,999,46,46.25
Bata,https://www.flipkart.com/bata-party-wear-shoes-semi-formal-loafers-men/p/itmf4c49b57e5ba8?pid=SHOG869QFPNQNEZ5&lid=LSTSHOG869QFPNQNEZ5GVT22B&marketplace=FLIPKART&q=footwear&store=osp&srno=s_7_269&otracker=search&fm=organic&iid=6096ebcb-0654-400e-98f3-9dd51b5e7463.SHOG869QFPNQNEZ5.SEARCH&ppt=None&ppn=None&ssid=u7vidi8n1s0000001745986519444&qH=569084f9cab6eba9,830.0,899,7,7.68
Sparx,https://www.flipkart.com/sparx-men-sm-171-white-running-shoes/p/itmffeabyfvf3ff8?pid=SHOFFDWYFRWXATTB&lid=LSTSHOFFDWYFRWXATTBOBCISC&marketplace=FLIPKART&q=footwear&store=osp&srno=s_7_270&otracker=search&fm=organic&iid=6096ebcb-0654-400e-98f3-9dd51b5e7463.SHOFFDWYFRWXATTB.SEARCH&ppt=None&ppn=None&ssid=u7vidi8n1s0000001745986519444&qH=569084f9cab6eba9,1408.0,1649,14,14.61
CAMPUS,https://www.flipkart.com/campus-prexton-running-shoes-men/p/itmeead3ca2f1ec9?pid=SHOH9JVTWCTN8PRN&lid=LSTSHOH9JVTWCTN8PRNJG8DL4&marketplace=FLIPKART&q=footwear&store=osp&srno=s_7_271&otracker=search&fm=organic&iid=6096ebcb-0654-400e-98f3-9dd51b5e7463.SHOH9JVTWCTN8PRN.SEARCH&ppt=None&ppn=None&ssid=u7vidi8n1s0000001745986519444&qH=569084f9cab6eba9,1502.0,1599,6,6.07
RapidBox,https://www.flipkart.com/rapidbox-high-tops-sneakers-men/p/itm72c4dab936b22?pid=SHOGGD8FGHHDPVN8&lid=LSTSHOGGD8FGHHDPVN8U2HCBL&marketplace=FLIPKART&q=footwear&store=osp&srno=s_7_272&otracker=search&fm=organic&iid=6096ebcb-0654-400e-98f3-9dd51b5e7463.SHOGGD8FGHHDPVN8.SEARCH&ppt=None&ppn=None&ssid=u7vidi8n1s0000001745986519444&qH=569084f9cab6eba9,399.0,999,60,60.06
Vellinto,https://www.flipkart.com/vellinto-royal-look-zipped-boots-men-ll-casual-shoes-latest-patent-leather-chain/p/itmb1c2bd4760386?pid=SHOFUVWXYUFYVD25&lid=LSTSHOFUVWXYUFYVD25FHEQKV&marketplace=FLIPKART&q=footwear&store=osp&srno=s_7_273&otracker=search&fm=organic&iid=6096ebcb-0654-400e-98f3-9dd51b5e7463.SHOFUVWXYUFYVD25.SEARCH&ppt=None&ppn=None&ssid=u7vidi8n1s0000001745986519444&qH=569084f9cab6eba9,945.0,1299,27,27.25
FLITE,https://www.flipkart.com/flite-women-slippers/p/itm66c55977a08e9?pid=SFFG6RTFQHWWYKKQ&lid=LSTSFFG6RTFQHWWYKKQ1V3CBP&marketplace=FLIPKART&q=footwear&store=osp&srno=s_7_274&otracker=search&fm=organic&iid=6096ebcb-0654-400e-98f3-9dd51b5e7463.SFFG6RTFQHWWYKKQ.SEARCH&ppt=None&ppn=None&ssid=u7vidi8n1s0000001745986519444&qH=569084f9cab6eba9,199.0,449,55,55.68
CAMPUS,https://www.flipkart.com/campus-boys-girls-velcro-walking-shoes/p/itm945f10c3f5175?pid=KSSGJFNMTSXA8ANW&lid=LSTKSSGJFNMTSXA8ANWJP1B4S&marketplace=FLIPKART&q=footwear&store=osp&srno=s_7_275&otracker=search&fm=organic&iid=6096ebcb-0654-400e-98f3-9dd51b5e7463.KSSGJFNMTSXA8ANW.SEARCH&ppt=None&ppn=None&ssid=u7vidi8n1s0000001745986519444&qH=569084f9cab6eba9,584.0,650,10,10.15
CAMPUS,https://www.flipkart.com/campus-3k-908-men-casual/p/itm4b5c8dad73e7e?pid=SNDFSDRF6GKRDX7J&lid=LSTSNDFSDRF6GKRDX7JWIOOAS&marketplace=FLIPKART&q=footwear&store=osp&srno=s_7_276&otracker=search&fm=organic&iid=6096ebcb-0654-400e-98f3-9dd51b5e7463.SNDFSDRF6GKRDX7J.SEARCH&ppt=None&ppn=None&ssid=u7vidi8n1s0000001745986519444&qH=569084f9cab6eba9,699.0,0,0,0.0
AJANTA,https://www.flipkart.com/ajanta-men-flats/p/itmfejbwe5rbbm48?pid=SNDFEJ2NVPYVYUF5&lid=LSTSNDFEJ2NVPYVYUF5PHA4H2&marketplace=FLIPKART&q=footwear&store=osp&srno=s_7_277&otracker=search&fm=organic&iid=6096ebcb-0654-400e-98f3-9dd51b5e7463.SNDFEJ2NVPYVYUF5.SEARCH&ppt=None&ppn=None&ssid=u7vidi8n1s0000001745986519444&qH=569084f9cab6eba9,379.0,1199,68,68.39
Smoothlite,https://www.flipkart.com/smoothlite-men-slippers/p/itm57a5c918bcb6d?pid=SFFH9ZEMH2JKCWCR&lid=LSTSFFH9ZEMH2JKCWCR13ZYQB&marketplace=FLIPKART&q=footwear&store=osp&srno=s_7_278&otracker=search&fm=organic&iid=6096ebcb-0654-400e-98f3-9dd51b5e7463.SFFH9ZEMH2JKCWCR.SEARCH&ppt=None&ppn=None&ssid=u7vidi8n1s0000001745986519444&qH=569084f9cab6eba9,361.0,799,54,54.82
DOCTOR EXTRA SOFT,https://www.flipkart.com/doctor-extra-soft-men-slides/p/itm84795462255fa?pid=SFFH89HEGSFACG54&lid=LSTSFFH89HEGSFACG543J4F6T&marketplace=FLIPKART&q=footwear&store=osp&srno=s_7_279&otracker=search&fm=organic&iid=6096ebcb-0654-400e-98f3-9dd51b5e7463.SFFH89HEGSFACG54.SEARCH&ppt=None&ppn=None&ssid=u7vidi8n1s0000001745986519444&qH=569084f9cab6eba9,500.0,1799,72,72.21
WROGN,https://www.flipkart.com/wrogn-men-slides/p/itme7c04d37570a7?pid=SFFGZUXTMSQBZWCS&lid=LSTSFFGZUXTMSQBZWCSV6HX7H&marketplace=FLIPKART&q=footwear&store=osp&srno=s_7_280&otracker=search&fm=organic&iid=6096ebcb-0654-400e-98f3-9dd51b5e7463.SFFGZUXTMSQBZWCS.SEARCH&ppt=None&ppn=None&ssid=u7vidi8n1s0000001745986519444&qH=569084f9cab6eba9,615.0,1399,56,56.04
Abros,https://www.flipkart.com/abros-carter-running-shoes-men/p/itma2c46b7e677e8?pid=SHOH42AAVQRHEXF2&lid=LSTSHOH42AAVQRHEXF2GJZDPU&marketplace=FLIPKART&q=footwear&store=osp&srno=s_8_281&otracker=search&fm=organic&iid=en_S024mcsnJZgSWcTwCmyw-dNNbBo3ue8Jqx-aTyy5l0CBqrd09zGi8wF2YGD4C-IJNbBnyVkCtk4RmKmMCLCsdvUFjCTyOHoHZs-Z5_PS_w0%3D&ppt=None&ppn=None&ssid=4w797pzbj40000001745986521963&qH=569084f9cab6eba9,719.0,1599,55,55.03
Abros,https://www.flipkart.com/abros-ramsay-running-shoes-men/p/itm8a77e638c42f1?pid=SHOH3JGNRHBSFHEM&lid=LSTSHOH3JGNRHBSFHEMMQV98G&marketplace=FLIPKART&q=footwear&store=osp&srno=s_8_282&otracker=search&fm=organic&iid=en_S024mcsnJZgSWcTwCmyw-dNNbBo3ue8Jqx-aTyy5l0A4k_05UUtzwNbh0y-Y3_4EJQP6e6A4BbsXz00OY3nOrw%3D%3D&ppt=None&ppn=None&ssid=4w797pzbj40000001745986521963&qH=569084f9cab6eba9,989.0,2199,55,55.03
CAMPUS,https://www.flipkart.com/campus-terminator-n-running-shoes-men/p/itm025c6d0941b3f?pid=SHOG36BFPYNRGYK9&lid=LSTSHOG36BFPYNRGYK92IJ8AR&marketplace=FLIPKART&q=footwear&store=osp&srno=s_8_283&otracker=search&fm=organic&iid=d5fceb69-b55c-44fd-bdcb-96643102f9bd.SHOG36BFPYNRGYK9.SEARCH&ppt=None&ppn=None&ssid=4w797pzbj40000001745986521963&qH=569084f9cab6eba9,1554.0,2299,32,32.41
FLITE,https://www.flipkart.com/flite-women-flip-flops/p/itm04f593e616176?pid=SFFFVG5TDGYAEYMY&lid=LSTSFFFVG5TDGYAEYMY1BHQCX&marketplace=FLIPKART&q=footwear&store=osp&srno=s_8_284&otracker=search&fm=organic&iid=d5fceb69-b55c-44fd-bdcb-96643102f9bd.SFFFVG5TDGYAEYMY.SEARCH&ppt=None&ppn=None&ssid=4w797pzbj40000001745986521963&qH=569084f9cab6eba9,250.0,382,34,34.55
Bata,https://www.flipkart.com/bata-slip-men/p/itm05308443bf5c2?pid=SHOGTQ2ZGQAP6ENT&lid=LSTSHOGTQ2ZGQAP6ENTSWLB4Q&marketplace=FLIPKART&q=footwear&store=osp&srno=s_8_285&otracker=search&fm=organic&iid=d5fceb69-b55c-44fd-bdcb-96643102f9bd.SHOGTQ2ZGQAP6ENT.SEARCH&ppt=None&ppn=None&ssid=4w797pzbj40000001745986521963&qH=569084f9cab6eba9,738.0,999,26,26.13
Sparx,https://www.flipkart.com/sparx-men-sfg-515-flip-flops/p/itm419caa0a7bcbf?pid=SFFEKKHWUKJYQB6H&lid=LSTSFFEKKHWUKJYQB6HIN1JXS&marketplace=FLIPKART&q=footwear&store=osp&srno=s_8_286&otracker=search&fm=organic&iid=d5fceb69-b55c-44fd-bdcb-96643102f9bd.SFFEKKHWUKJYQB6H.SEARCH&ppt=None&ppn=None&ssid=4w797pzbj40000001745986521963&qH=569084f9cab6eba9,349.0,499,30,30.06
CAMPUS,https://www.flipkart.com/campus-terminator-n-running-shoes-men/p/itm29ac3efb0d51d?pid=SHOG2QYYC4PZRWAF&lid=LSTSHOG2QYYC4PZRWAFCOQDPP&marketplace=FLIPKART&q=footwear&store=osp&srno=s_8_287&otracker=search&fm=organic&iid=en_S024mcsnJZgSWcTwCmyw-dNNbBo3ue8Jqx-aTyy5l0ACyi9ueemz9os_hDpbe5PGBbiHW-b1wU_z0ZcoTYQhLg%3D%3D&ppt=None&ppn=None&ssid=4w797pzbj40000001745986521963&qH=569084f9cab6eba9,1554.0,2299,32,32.41
Abros,https://www.flipkart.com/abros-zona-n-running-shoes-men/p/itm54c514ed8e2f2?pid=SHOGC2M9GVV4GGT9&lid=LSTSHOGC2M9GVV4GGT9XW65X0&marketplace=FLIPKART&q=footwear&store=osp&srno=s_8_288&otracker=search&fm=organic&iid=en_S024mcsnJZgSWcTwCmyw-dNNbBo3ue8Jqx-aTyy5l0BxVr0SfdxNwvbM6l_u5wo27nOlBFfpY-luPzTIgn1D2A%3D%3D&ppt=None&ppn=None&ssid=4w797pzbj40000001745986521963&qH=569084f9cab6eba9,783.0,1119,30,30.03
RED TAPE,https://www.flipkart.com/red-tape-men-clogs/p/itmea1db41c24707?pid=SNDGW9HXMFEEBFF7&lid=LSTSNDGW9HXMFEEBFF71R38NC&marketplace=FLIPKART&q=footwear&store=osp&srno=s_8_289&otracker=search&fm=organic&iid=d5fceb69-b55c-44fd-bdcb-96643102f9bd.SNDGW9HXMFEEBFF7.SEARCH&ppt=None&ppn=None&ssid=4w797pzbj40000001745986521963&qH=569084f9cab6eba9,667.0,3199,79,79.15
PUMA,https://www.flipkart.com/puma-men-sports-sandals/p/itm2679fdaa34e15?pid=SNDGPECJ945PHGKF&lid=LSTSNDGPECJ945PHGKFHDJSF8&marketplace=FLIPKART&q=footwear&store=osp&srno=s_8_290&otracker=search&fm=organic&iid=d5fceb69-b55c-44fd-bdcb-96643102f9bd.SNDGPECJ945PHGKF.SEARCH&ppt=None&ppn=None&ssid=4w797pzbj40000001745986521963&qH=569084f9cab6eba9,2099.0,3499,40,40.01
CAMPUS,https://www.flipkart.com/campus-north-plus-walking-shoes-men/p/itm9669687c56df2?pid=SHOFY4DPNNKQ5AD4&lid=LSTSHOFY4DPNNKQ5AD4LV31RI&marketplace=FLIPKART&q=footwear&store=osp&srno=s_8_291&otracker=search&fm=organic&iid=en_S024mcsnJZgSWcTwCmyw-dNNbBo3ue8Jqx-aTyy5l0BTPJKw_hJvBuGZELiCepATLjDEw9D2OglkDZ2m9RxD_g%3D%3D&ppt=None&ppn=None&ssid=4w797pzbj40000001745986521963&qH=569084f9cab6eba9,1332.0,1899,29,29.86
PUMA,https://www.flipkart.com/puma-men-slides/p/itm5cdc7564d85f4?pid=SFFHYYZ4VPHB9QRN&lid=LSTSFFHYYZ4VPHB9QRNTVRYVM&marketplace=FLIPKART&q=footwear&store=osp&srno=s_8_292&otracker=search&fm=organic&iid=d5fceb69-b55c-44fd-bdcb-96643102f9bd.SFFHYYZ4VPHB9QRN.SEARCH&ppt=None&ppn=None&ssid=4w797pzbj40000001745986521963&qH=569084f9cab6eba9,2099.0,3499,40,40.01
Aqualite,https://www.flipkart.com/aqualite-men-slippers/p/itmc6a6d656806c8?pid=SFFGSUR7QFGUVPCR&lid=LSTSFFGSUR7QFGUVPCRXHHNHR&marketplace=FLIPKART&q=footwear&store=osp&srno=s_8_293&otracker=search&fm=organic&iid=d5fceb69-b55c-44fd-bdcb-96643102f9bd.SFFGSUR7QFGUVPCR.SEARCH&ppt=None&ppn=None&ssid=4w797pzbj40000001745986521963&qH=569084f9cab6eba9,239.0,599,60,60.1
Sparx,https://www.flipkart.com/sparx-men-slippers/p/itm7ddf6ea2d65ec?pid=SFFFYY7FMNWADVHF&lid=LSTSFFFYY7FMNWADVHFOYRB4X&marketplace=FLIPKART&q=footwear&store=osp&srno=s_8_294&otracker=search&fm=organic&iid=d5fceb69-b55c-44fd-bdcb-96643102f9bd.SFFFYY7FMNWADVHF.SEARCH&ppt=None&ppn=None&ssid=4w797pzbj40000001745986521963&qH=569084f9cab6eba9,399.0,449,11,11.14
Relaxo,https://www.flipkart.com/relaxo-men-slippers/p/itm908ad421260c1?pid=SFFFX9G9KGNYYHUR&lid=LSTSFFFX9G9KGNYYHURTN079O&marketplace=FLIPKART&q=footwear&store=osp&srno=s_8_295&otracker=search&fm=organic&iid=d5fceb69-b55c-44fd-bdcb-96643102f9bd.SFFFX9G9KGNYYHUR.SEARCH&ppt=None&ppn=None&ssid=4w797pzbj40000001745986521963&qH=569084f9cab6eba9,265.0,399,33,33.58
asian,https://www.flipkart.com/asian-rider-01-beads-technology-sole-extra-jump-running-shoes-men/p/itm60b5618fd2cf1?pid=SHOFYFYKUFXUSYAR&lid=LSTSHOFYFYKUFXUSYARGIVWNT&marketplace=FLIPKART&q=footwear&store=osp&srno=s_8_296&otracker=search&fm=organic&iid=d5fceb69-b55c-44fd-bdcb-96643102f9bd.SHOFYFYKUFXUSYAR.SEARCH&ppt=None&ppn=None&ssid=4w797pzbj40000001745986521963&qH=569084f9cab6eba9,1301.0,1999,34,34.92
NIVIA,https://www.flipkart.com/nivia-stride-2-0-spike-running-shoes-men/p/itmdefaf67def8f8?pid=SHOFGM74S3ZGJPKZ&lid=LSTSHOFGM74S3ZGJPKZKYP91L&marketplace=FLIPKART&q=footwear&store=osp&srno=s_8_297&otracker=search&fm=organic&iid=d5fceb69-b55c-44fd-bdcb-96643102f9bd.SHOFGM74S3ZGJPKZ.SEARCH&ppt=None&ppn=None&ssid=4w797pzbj40000001745986521963&qH=569084f9cab6eba9,1200.0,1399,14,14.22
CAMPUS,https://www.flipkart.com/campus-royce-2-men-s-sports-shoes-comfy-mesh-upper-enhanced-airflow-lace-up-walking-men/p/itma9aec537f1390?pid=DHYFHFV58HT7DYQY&lid=LSTDHYFHFV58HT7DYQYJNVAKE&marketplace=FLIPKART&q=footwear&store=osp&srno=s_8_298&otracker=search&fm=organic&iid=d5fceb69-b55c-44fd-bdcb-96643102f9bd.DHYFHFV58HT7DYQY.SEARCH&ppt=None&ppn=None&ssid=4w797pzbj40000001745986521963&qH=569084f9cab6eba9,929.0,1499,38,38.03
ATOM,https://www.flipkart.com/atom-alpha-predator-high-tops-men/p/itme575b0833a2c3?pid=SHOGUHFC97KFWCVN&lid=LSTSHOGUHFC97KFWCVNPUBTTJ&marketplace=FLIPKART&q=footwear&store=osp&srno=s_8_299&otracker=search&fm=organic&iid=d5fceb69-b55c-44fd-bdcb-96643102f9bd.SHOGUHFC97KFWCVN.SEARCH&ppt=None&ppn=None&ssid=4w797pzbj40000001745986521963&qH=569084f9cab6eba9,1229.0,3495,64,64.84
action,https://www.flipkart.com/action-athleo-atg-496-light-weight-comfortable-trendy-running-breathable-gym-running-shoes-men/p/itm2d722be3d0b94?pid=SHOGQARXGY6GPEDU&lid=LSTSHOGQARXGY6GPEDUH1UPOO&marketplace=FLIPKART&q=footwear&store=osp&srno=s_8_300&otracker=search&fm=organic&iid=d5fceb69-b55c-44fd-bdcb-96643102f9bd.SHOGQARXGY6GPEDU.SEARCH&ppt=None&ppn=None&ssid=4w797pzbj40000001745986521963&qH=569084f9cab6eba9,1062.0,2799,62,62.06
PUMA,https://www.flipkart.com/puma-adelina-sneakers-women/p/itm55362ad3c585c?pid=SHOGPEGZF39AZP5S&lid=LSTSHOGPEGZF39AZP5SXAAJPR&marketplace=FLIPKART&q=footwear&store=osp&srno=s_8_301&otracker=search&fm=organic&iid=d5fceb69-b55c-44fd-bdcb-96643102f9bd.SHOGPEGZF39AZP5S.SEARCH&ppt=None&ppn=None&ssid=4w797pzbj40000001745986521963&qH=569084f9cab6eba9,1999.0,3999,50,50.01
FreshDcart,https://www.flipkart.com/freshdcart-invisible-increased-heel-shoe-lifts-inserts-pads-form-full-length-regular-insole/p/itmca859b6018454?pid=ISEGU235R2WZGJSB&lid=LSTISEGU235R2WZGJSBX3XVGQ&marketplace=FLIPKART&q=footwear&store=osp&srno=s_8_302&otracker=search&fm=organic&iid=d5fceb69-b55c-44fd-bdcb-96643102f9bd.ISEGU235R2WZGJSB.SEARCH&ppt=None&ppn=None&ssid=4w797pzbj40000001745986521963&qH=569084f9cab6eba9,179.0,1499,88,88.06
LIBERTY,https://www.flipkart.com/liberty-men-clogs/p/itm1dca347f26a98?pid=SNDH99TUHQSMECRN&lid=LSTSNDH99TUHQSMECRNNMVAHM&marketplace=FLIPKART&q=footwear&store=osp&srno=s_8_303&otracker=search&fm=organic&iid=d5fceb69-b55c-44fd-bdcb-96643102f9bd.SNDH99TUHQSMECRN.SEARCH&ppt=None&ppn=None&ssid=4w797pzbj40000001745986521963&qH=569084f9cab6eba9,500.0,999,49,49.95
Wildcraft,https://www.flipkart.com/wildcraft-outdoor-men-sports-sandals/p/itmfd0033216272d?pid=SNDG5FR6TBERG2GZ&lid=LSTSNDG5FR6TBERG2GZNEJL20&marketplace=FLIPKART&q=footwear&store=osp&srno=s_8_304&otracker=search&fm=organic&iid=d5fceb69-b55c-44fd-bdcb-96643102f9bd.SNDG5FR6TBERG2GZ.SEARCH&ppt=None&ppn=None&ssid=4w797pzbj40000001745986521963&qH=569084f9cab6eba9,818.0,1999,59,59.08
Sparx,https://www.flipkart.com/sparx-sfg-57-men-casual/p/itm50721468f049a?pid=SNDG5FPWGFD2GBEP&lid=LSTSNDG5FPWGFD2GBEPGULNU6&marketplace=FLIPKART&q=footwear&store=osp&srno=s_8_305&otracker=search&fm=organic&iid=d5fceb69-b55c-44fd-bdcb-96643102f9bd.SNDG5FPWGFD2GBEP.SEARCH&ppt=None&ppn=None&ssid=4w797pzbj40000001745986521963&qH=569084f9cab6eba9,756.0,899,15,15.91
Sparx,https://www.flipkart.com/sparx-ss-453-men-sandals/p/itmaf7aa856c5ec0?pid=SNDFPKNHRND6QWRA&lid=LSTSNDFPKNHRND6QWRAZBWCNP&marketplace=FLIPKART&q=footwear&store=osp&srno=s_8_306&otracker=search&fm=organic&iid=d5fceb69-b55c-44fd-bdcb-96643102f9bd.SNDFPKNHRND6QWRA.SEARCH&ppt=None&ppn=None&ssid=4w797pzbj40000001745986521963&qH=569084f9cab6eba9,749.0,999,25,25.03
BERSACHE,https://www.flipkart.com/bersache-men-flip-flops/p/itme6be165ac4b34?pid=SFFH74KDX5UPHNPZ&lid=LSTSFFH74KDX5UPHNPZDAGLIE&marketplace=FLIPKART&q=footwear&store=osp&srno=s_8_307&otracker=search&fm=organic&iid=d5fceb69-b55c-44fd-bdcb-96643102f9bd.SFFH74KDX5UPHNPZ.SEARCH&ppt=None&ppn=None&ssid=4w797pzbj40000001745986521963&qH=569084f9cab6eba9,345.0,1999,82,82.74
Hygear,https://www.flipkart.com/hygear-men-slides/p/itme5cd9340520c1?pid=SFFGZRZSM3ZRFV3Z&lid=LSTSFFGZRZSM3ZRFV3ZUF2XKK&marketplace=FLIPKART&q=footwear&store=osp&srno=s_8_308&otracker=search&fm=organic&iid=d5fceb69-b55c-44fd-bdcb-96643102f9bd.SFFGZRZSM3ZRFV3Z.SEARCH&ppt=None&ppn=None&ssid=4w797pzbj40000001745986521963&qH=569084f9cab6eba9,328.0,999,67,67.17
action,https://www.flipkart.com/action-athleo-atg-424-lighweight-comfortable-men/p/itm52336ce6b309b?pid=SHOGPZFSYJWHSXYW&lid=LSTSHOGPZFSYJWHSXYWLISSGD&marketplace=FLIPKART&q=footwear&store=osp&srno=s_8_309&otracker=search&fm=organic&iid=d5fceb69-b55c-44fd-bdcb-96643102f9bd.SHOGPZFSYJWHSXYW.SEARCH&ppt=None&ppn=None&ssid=4w797pzbj40000001745986521963&qH=569084f9cab6eba9,720.0,1899,62,62.09
PUMA,https://www.flipkart.com/puma-smashic-sneakers-men/p/itm87648841321a5?pid=SHOGHKSABXRFFCZP&lid=LSTSHOGHKSABXRFFCZPCUTRQQ&marketplace=FLIPKART&q=footwear&store=osp&srno=s_8_310&otracker=search&fm=organic&iid=d5fceb69-b55c-44fd-bdcb-96643102f9bd.SHOGHKSABXRFFCZP.SEARCH&ppt=None&ppn=None&ssid=4w797pzbj40000001745986521963&qH=569084f9cab6eba9,2015.0,4499,55,55.21
CAMPUS,https://www.flipkart.com/campus-mike-n-men-s-sports-shoes-memory-insole-air-capsule-brilliance-lace-up-running-men/p/itmf8ff8f65cc63f?pid=SHOG2EYZFNJU4FWY&lid=LSTSHOG2EYZFNJU4FWYHK7IZM&marketplace=FLIPKART&q=footwear&store=osp&srno=s_8_311&otracker=search&fm=organic&iid=d5fceb69-b55c-44fd-bdcb-96643102f9bd.SHOG2EYZFNJU4FWY.SEARCH&ppt=None&ppn=None&ssid=4w797pzbj40000001745986521963&qH=569084f9cab6eba9,1199.0,1999,40,40.02
ADIDAS,https://www.flipkart.com/adidas-fluo-m-running-shoes-men/p/itm12be5fc912bd4?pid=SHOFNR6UTS8JRZC8&lid=LSTSHOFNR6UTS8JRZC8N9MWWZ&marketplace=FLIPKART&q=footwear&store=osp&srno=s_8_312&otracker=search&fm=organic&iid=d5fceb69-b55c-44fd-bdcb-96643102f9bd.SHOFNR6UTS8JRZC8.SEARCH&ppt=None&ppn=None&ssid=4w797pzbj40000001745986521963&qH=569084f9cab6eba9,2059.0,3999,48,48.51
CAMPUS,https://www.flipkart.com/campus-first-men-s-sports-shoes-pu-foam-comfort-ball-tech-support-lace-up-running-men/p/itmdaffca3f7955e?pid=SHOGY8YXADBFNMKG&lid=LSTSHOGY8YXADBFNMKGUN3RQU&marketplace=FLIPKART&q=footwear&store=osp&srno=s_8_313&otracker=search&fm=organic&iid=d5fceb69-b55c-44fd-bdcb-96643102f9bd.SHOGY8YXADBFNMKG.SEARCH&ppt=None&ppn=None&ssid=4w797pzbj40000001745986521963&qH=569084f9cab6eba9,1366.0,1899,28,28.07
CAMPUS,https://www.flipkart.com/campus-women-s-casual-shoes-comfortable-extra-cushioned-footbed-trendy-lace-up-sneakers-women/p/itmf1debb0631f2f?pid=SHOGTAHHYVDPRGCT&lid=LSTSHOGTAHHYVDPRGCTQ7S0JF&marketplace=FLIPKART&q=footwear&store=osp&srno=s_8_314&otracker=search&fm=organic&iid=d5fceb69-b55c-44fd-bdcb-96643102f9bd.SHOGTAHHYVDPRGCT.SEARCH&ppt=None&ppn=None&ssid=4w797pzbj40000001745986521963&qH=569084f9cab6eba9,1110.0,1599,30,30.58
asian,https://www.flipkart.com/asian-boys-girls-velcro-sneakers/p/itmdaf91546de76f?pid=KSSH5HMTBWDGKENT&lid=LSTKSSH5HMTBWDGKENTEKPUJD&marketplace=FLIPKART&q=footwear&store=osp&srno=s_8_315&otracker=search&fm=organic&iid=d5fceb69-b55c-44fd-bdcb-96643102f9bd.KSSH5HMTBWDGKENT.SEARCH&ppt=None&ppn=None&ssid=4w797pzbj40000001745986521963&qH=569084f9cab6eba9,495.0,999,50,50.45
BAHAMAS,https://www.flipkart.com/bahamas-men-flip-flops/p/itm283d78b980086?pid=SFFGJXF7GC7QHQ7U&lid=LSTSFFGJXF7GC7QHQ7UVBG3GO&marketplace=FLIPKART&q=footwear&store=osp&srno=s_8_316&otracker=search&fm=organic&iid=d5fceb69-b55c-44fd-bdcb-96643102f9bd.SFFGJXF7GC7QHQ7U.SEARCH&ppt=None&ppn=None&ssid=4w797pzbj40000001745986521963&qH=569084f9cab6eba9,299.0,449,33,33.41
Bata,https://www.flipkart.com/bata-boss-grass-men-casual/p/itmeabfb946a9e5d?pid=SHOGFNVZ4JQEZDY8&lid=LSTSHOGFNVZ4JQEZDY87TIZHA&marketplace=FLIPKART&q=footwear&store=osp&srno=s_8_317&otracker=search&fm=organic&iid=d5fceb69-b55c-44fd-bdcb-96643102f9bd.SHOGFNVZ4JQEZDY8.SEARCH&ppt=None&ppn=None&ssid=4w797pzbj40000001745986521963&qH=569084f9cab6eba9,999.0,1199,16,16.68
Adda,https://www.flipkart.com/adda-men-flip-flops/p/itm251e7fa61fa17?pid=SFFFPUCQCZHC6AK2&lid=LSTSFFFPUCQCZHC6AK2RKL39J&marketplace=FLIPKART&q=footwear&store=osp&srno=s_8_318&otracker=search&fm=organic&iid=d5fceb69-b55c-44fd-bdcb-96643102f9bd.SFFFPUCQCZHC6AK2.SEARCH&ppt=None&ppn=None&ssid=4w797pzbj40000001745986521963&qH=569084f9cab6eba9,699.0,0,0,0.0
WALKAROO,https://www.flipkart.com/walkaroo-men-sandals/p/itme432975802ce5?pid=SNDGT8EEBXAWYC2K&lid=LSTSNDGT8EEBXAWYC2KW3YL38&marketplace=FLIPKART&q=footwear&store=osp&srno=s_8_319&otracker=search&fm=organic&iid=d5fceb69-b55c-44fd-bdcb-96643102f9bd.SNDGT8EEBXAWYC2K.SEARCH&ppt=None&ppn=None&ssid=4w797pzbj40000001745986521963&qH=569084f9cab6eba9,419.0,0,0,0.0
Aqualite,https://www.flipkart.com/aqualite-comfort-anti-skid-men-clogs/p/itmd2e91553df3fd?pid=SNDGQTG8CRSUYM39&lid=LSTSNDGQTG8CRSUYM39IZMNDO&marketplace=FLIPKART&q=footwear&store=osp&srno=s_8_320&otracker=search&fm=organic&iid=d5fceb69-b55c-44fd-bdcb-96643102f9bd.SNDGQTG8CRSUYM39.SEARCH&ppt=None&ppn=None&ssid=4w797pzbj40000001745986521963&qH=569084f9cab6eba9,499.0,1499,66,66.71
aadi,https://www.flipkart.com/aadi-men-sandals/p/itm59812203ec39b?pid=SNDG4JHNQ6TYFVJG&lid=LSTSNDG4JHNQ6TYFVJGW0IHKU&marketplace=FLIPKART&q=footwear&store=osp&srno=s_9_321&otracker=search&fm=organic&iid=en_T7UvHo6BGiUDANK9-AlCJG3YJAvAGjIRWW2nXBsabYky5E1T9YOgDO8h-u9U_MzdkjqGoJ2kAOhAcu9LsaWuXg%3D%3D&ppt=None&ppn=None&ssid=cyxqkm10w00000001745986525662&qH=569084f9cab6eba9,411.0,1999,79,79.44
Abros,https://www.flipkart.com/abros-carter-running-shoes-men/p/itma2c46b7e677e8?pid=SHOH42AA94HXHHGP&lid=LSTSHOH42AA94HXHHGPQXXSBY&marketplace=FLIPKART&q=footwear&store=osp&srno=s_9_322&otracker=search&fm=organic&iid=en_T7UvHo6BGiUDANK9-AlCJG3YJAvAGjIRWW2nXBsabYkyX367EfZRtGCCpndU0sPUQlSIPjksVHuVzNfOVAcaCvUFjCTyOHoHZs-Z5_PS_w0%3D&ppt=None&ppn=None&ssid=cyxqkm10w00000001745986525662&qH=569084f9cab6eba9,719.0,1599,55,55.03
World Wear Footwear,https://www.flipkart.com/world-wear-footwear-running-shoes-men/p/itm23dfc8535837d?pid=SHOGMYCPMJYD5TTJ&lid=LSTSHOGMYCPMJYD5TTJLG6YWV&marketplace=FLIPKART&q=footwear&store=osp&srno=s_9_323&otracker=search&fm=organic&iid=16b2a881-d2fd-4a53-beb3-4749210b9f0e.SHOGMYCPMJYD5TTJ.SEARCH&ppt=None&ppn=None&ssid=cyxqkm10w00000001745986525662&qH=569084f9cab6eba9,636.0,2049,68,68.96
BIRDE,https://www.flipkart.com/birde-pack-2-men-sandals/p/itm68b98c8cdff11?pid=SNDGZFH8FHBPKSE7&lid=LSTSNDGZFH8FHBPKSE7AUTX9B&marketplace=FLIPKART&q=footwear&store=osp&srno=s_9_324&otracker=search&fm=organic&iid=16b2a881-d2fd-4a53-beb3-4749210b9f0e.SNDGZFH8FHBPKSE7.SEARCH&ppt=None&ppn=None&ssid=cyxqkm10w00000001745986525662&qH=569084f9cab6eba9,498.0,1998,75,75.08
BIRDE,https://www.flipkart.com/birde-stylish-comfortable-men-sandals/p/itm310c908e823e1?pid=SNDGDD5FEEZD2HPR&lid=LSTSNDGDD5FEEZD2HPREYXSPC&marketplace=FLIPKART&q=footwear&store=osp&srno=s_9_325&otracker=search&fm=organic&iid=16b2a881-d2fd-4a53-beb3-4749210b9f0e.SNDGDD5FEEZD2HPR.SEARCH&ppt=None&ppn=None&ssid=cyxqkm10w00000001745986525662&qH=569084f9cab6eba9,274.0,999,72,72.57
Fortex,https://www.flipkart.com/fortex-men-casual/p/itm0df7f713c8c06?pid=SNDGY9QDQCBFJT4H&lid=LSTSNDGY9QDQCBFJT4HJVGBWW&marketplace=FLIPKART&q=footwear&store=osp&srno=s_9_326&otracker=search&fm=organic&iid=16b2a881-d2fd-4a53-beb3-4749210b9f0e.SNDGY9QDQCBFJT4H.SEARCH&ppt=None&ppn=None&ssid=cyxqkm10w00000001745986525662&qH=569084f9cab6eba9,514.0,1299,60,60.43
BRUTON,https://www.flipkart.com/bruton-men-sandals/p/itm36f0752568872?pid=SNDGZGFYD5WUJYRU&lid=LSTSNDGZGFYD5WUJYRU4UCW2A&marketplace=FLIPKART&q=footwear&store=osp&srno=s_9_327&otracker=search&fm=organic&iid=en_T7UvHo6BGiUDANK9-AlCJG3YJAvAGjIRWW2nXBsabYmnRWnTBtbqgkHpdom46hRSR75b77dtxAoKRAcJUGjYUQ%3D%3D&ppt=None&ppn=None&ssid=cyxqkm10w00000001745986525662&qH=569084f9cab6eba9,286.0,1299,77,77.98
JQR,https://www.flipkart.com/jqr-dj-sports-shoes-walking-lightweight-trekking-stylish-running-shoes-men/p/itmcc0f5983b0567?pid=SHOG4PAHCY2JMVSQ&lid=LSTSHOG4PAHCY2JMVSQCJ226H&marketplace=FLIPKART&q=footwear&store=osp&srno=s_9_328&otracker=search&fm=organic&iid=en_T7UvHo6BGiUDANK9-AlCJG3YJAvAGjIRWW2nXBsabYnPguJD-KIXWuyctPQHOiOcTAHDAM3xWa5uZCT7ahwMKA%3D%3D&ppt=None&ppn=None&ssid=cyxqkm10w00000001745986525662&qH=569084f9cab6eba9,909.0,1299,30,30.02
Fortex,https://www.flipkart.com/fortex-men-casual/p/itmddd32df7376a5?pid=SNDGY9QDFVYGBUZR&lid=LSTSNDGY9QDFVYGBUZR3ZVAUN&marketplace=FLIPKART&q=footwear&store=osp&srno=s_9_329&otracker=search&fm=organic&iid=16b2a881-d2fd-4a53-beb3-4749210b9f0e.SNDGY9QDFVYGBUZR.SEARCH&ppt=None&ppn=None&ssid=cyxqkm10w00000001745986525662&qH=569084f9cab6eba9,395.0,1299,69,69.59
BIRDE,https://www.flipkart.com/birde-stylish-comfortable-lightweight-regular-wear-men-navy-sandals/p/itm7a09c68fa7feb?pid=SNDGJNW6PEHPGYMF&lid=LSTSNDGJNW6PEHPGYMFHBEHYY&marketplace=FLIPKART&q=footwear&store=osp&srno=s_9_330&otracker=search&fm=organic&iid=16b2a881-d2fd-4a53-beb3-4749210b9f0e.SNDGJNW6PEHPGYMF.SEARCH&ppt=None&ppn=None&ssid=cyxqkm10w00000001745986525662&qH=569084f9cab6eba9,277.0,999,72,72.27
aadi,https://www.flipkart.com/aadi-men-sandals/p/itm63d5eeded4d21?pid=SNDH438JNVA4JTTK&lid=LSTSNDH438JNVA4JTTKV3VH8G&marketplace=FLIPKART&q=footwear&store=osp&srno=s_9_331&otracker=search&fm=organic&iid=en_T7UvHo6BGiUDANK9-AlCJG3YJAvAGjIRWW2nXBsabYnzPwW0Lw8W1l6LSsitS4M_GpO4AAQZxootn5QbEFfwtw%3D%3D&ppt=None&ppn=None&ssid=cyxqkm10w00000001745986525662&qH=569084f9cab6eba9,469.0,1999,76,76.54
BRUTON,https://www.flipkart.com/bruton-men-sandals/p/itm22a5edf1ed4bc?pid=SNDH27K3CMQJZ29U&lid=LSTSNDH27K3CMQJZ29UBFWNUB&marketplace=FLIPKART&q=footwear&store=osp&srno=s_9_332&otracker=search&fm=organic&iid=en_T7UvHo6BGiUDANK9-AlCJG3YJAvAGjIRWW2nXBsabYmZKyD4AVbtOCRkucJxSqUXzZ9BUasHrjF8dflklkCU5g%3D%3D&ppt=None&ppn=None&ssid=cyxqkm10w00000001745986525662&qH=569084f9cab6eba9,297.0,1299,77,77.14
Fortex,https://www.flipkart.com/fortex-men-casual/p/itm37de4eb1c3e3a?pid=SNDGY9QDBNP9YY9Q&lid=LSTSNDGY9QDBNP9YY9QEHIMWP&marketplace=FLIPKART&q=footwear&store=osp&srno=s_9_333&otracker=search&fm=organic&iid=16b2a881-d2fd-4a53-beb3-4749210b9f0e.SNDGY9QDBNP9YY9Q.SEARCH&ppt=None&ppn=None&ssid=cyxqkm10w00000001745986525662&qH=569084f9cab6eba9,405.0,1299,68,68.82
World Wear Footwear,https://www.flipkart.com/world-wear-footwear-running-shoes-men/p/itm4c7e5b76249a0?pid=SHOG3N2FJHJWZB7F&lid=LSTSHOG3N2FJHJWZB7FWTCI4A&marketplace=FLIPKART&q=footwear&store=osp&srno=s_9_334&otracker=search&fm=organic&iid=16b2a881-d2fd-4a53-beb3-4749210b9f0e.SHOG3N2FJHJWZB7F.SEARCH&ppt=None&ppn=None&ssid=cyxqkm10w00000001745986525662&qH=569084f9cab6eba9,429.0,499,14,14.03
BIRDE,https://www.flipkart.com/birde-premium-blue-sandal-men-sandals/p/itm986664d1cb10c?pid=SNDGEWGYD6DGHD7J&lid=LSTSNDGEWGYD6DGHD7JKWSAXJ&marketplace=FLIPKART&q=footwear&store=osp&srno=s_9_335&otracker=search&fm=organic&iid=16b2a881-d2fd-4a53-beb3-4749210b9f0e.SNDGEWGYD6DGHD7J.SEARCH&ppt=None&ppn=None&ssid=cyxqkm10w00000001745986525662&qH=569084f9cab6eba9,274.0,999,72,72.57
BIRDE,https://www.flipkart.com/birde-stylish-comfortable-lightweight-regular-wear-men-navy-casual-sandals/p/itmf085caaf3f6c3?pid=SNDGGJET29FSNJU8&lid=LSTSNDGGJET29FSNJU8VBEXTC&marketplace=FLIPKART&q=footwear&store=osp&srno=s_9_336&otracker=search&fm=organic&iid=16b2a881-d2fd-4a53-beb3-4749210b9f0e.SNDGGJET29FSNJU8.SEARCH&ppt=None&ppn=None&ssid=cyxqkm10w00000001745986525662&qH=569084f9cab6eba9,277.0,999,72,72.27
BIRDE,https://www.flipkart.com/birde-premium-clogs-men-sandals/p/itmc30b362408377?pid=SNDGHVNHCZUDSJ6H&lid=LSTSNDGHVNHCZUDSJ6HK1XL5B&marketplace=FLIPKART&q=footwear&store=osp&srno=s_9_337&otracker=search&fm=organic&iid=en_T7UvHo6BGiUDANK9-AlCJG3YJAvAGjIRWW2nXBsabYk5fSexyjLrnd2hdTiiSYnOk4ccazj_51E8GaMuCpp7Fw%3D%3D&ppt=None&ppn=None&ssid=cyxqkm10w00000001745986525662&qH=569084f9cab6eba9,299.0,999,70,70.07
AJANTA,https://www.flipkart.com/ajanta-men-slides/p/itm3420059bc7d22?pid=SFFGDK63AFMMFVGE&lid=LSTSFFGDK63AFMMFVGEZSGKHP&marketplace=FLIPKART&q=footwear&store=osp&srno=s_9_338&otracker=search&fm=organic&iid=en_T7UvHo6BGiUDANK9-AlCJG3YJAvAGjIRWW2nXBsabYl8VdF5UQXxAuujRnE8dH4c66zWymcJc5sbV8-x7k1BkvUFjCTyOHoHZs-Z5_PS_w0%3D&ppt=None&ppn=None&ssid=cyxqkm10w00000001745986525662&qH=569084f9cab6eba9,209.0,699,70,70.1
World Wear Footwear,https://www.flipkart.com/world-wear-footwear-combo-pack-2-new-affordable-collection-stylish-sports-running-shoes-men/p/itm3d2dc1eb3a285?pid=SHOGY5GEZZJH4BGN&lid=LSTSHOGY5GEZZJH4BGNVM7LL2&marketplace=FLIPKART&q=footwear&store=osp&srno=s_9_339&otracker=search&fm=organic&iid=16b2a881-d2fd-4a53-beb3-4749210b9f0e.SHOGY5GEZZJH4BGN.SEARCH&ppt=None&ppn=None&ssid=cyxqkm10w00000001745986525662&qH=569084f9cab6eba9,478.0,998,52,52.1
World Wear Footwear,https://www.flipkart.com/world-wear-footwear-amazing-range-combo-pack-2-stylish-sneakers-men/p/itm7556e1c444600?pid=SHOGFHMMXWGJKEXA&lid=LSTSHOGFHMMXWGJKEXA24VEJ6&marketplace=FLIPKART&q=footwear&store=osp&srno=s_9_340&otracker=search&fm=organic&iid=16b2a881-d2fd-4a53-beb3-4749210b9f0e.SHOGFHMMXWGJKEXA.SEARCH&ppt=None&ppn=None&ssid=cyxqkm10w00000001745986525662&qH=569084f9cab6eba9,436.0,998,56,56.31
aadi,https://www.flipkart.com/aadi-men-clogs/p/itm1d8f453cbb39d?pid=SNDGX32UUGZBHSNZ&lid=LSTSNDGX32UUGZBHSNZ4V4PDH&marketplace=FLIPKART&q=footwear&store=osp&srno=s_9_341&otracker=search&fm=organic&iid=en_T7UvHo6BGiUDANK9-AlCJG3YJAvAGjIRWW2nXBsabYkjkIelfB6PwrJenrv354f_h-HGoSCXWEYod9Flbgu2jg%3D%3D&ppt=None&ppn=None&ssid=cyxqkm10w00000001745986525662&qH=569084f9cab6eba9,368.0,999,63,63.16
CAMPUS,https://www.flipkart.com/campus-terminator-n-running-shoes-men/p/itm29ac3efb0d51d?pid=SHOG2QYYC4PZRWAF&lid=LSTSHOG2QYYC4PZRWAFY2C8OC&marketplace=FLIPKART&q=footwear&store=osp&srno=s_9_342&otracker=search&fm=organic&iid=en_T7UvHo6BGiUDANK9-AlCJG3YJAvAGjIRWW2nXBsabYn5e1dgYah_XeJ3GWQ4kqhayC2A-zMetcYLsOQ7SxSUz4E8waCTrWcncKeK_ydPfoM%3D&ppt=None&ppn=None&ssid=cyxqkm10w00000001745986525662&qH=569084f9cab6eba9,1554.0,2299,32,32.41
BIRDE,https://www.flipkart.com/birde-stylish-comfortable-lightweight-breathable-men-sandals/p/itma3a01745780b6?pid=SNDGD8SA8JC7FN58&lid=LSTSNDGD8SA8JC7FN58H8BTWI&marketplace=FLIPKART&q=footwear&store=osp&srno=s_9_343&otracker=search&fm=organic&iid=16b2a881-d2fd-4a53-beb3-4749210b9f0e.SNDGD8SA8JC7FN58.SEARCH&ppt=None&ppn=None&ssid=cyxqkm10w00000001745986525662&qH=569084f9cab6eba9,294.0,999,70,70.57
BIRDE,https://www.flipkart.com/birde-pack-2-men-sandals/p/itm7985b348807ac?pid=SNDGZFH8P8J8MHMS&lid=LSTSNDGZFH8P8J8MHMSPPV9UL&marketplace=FLIPKART&q=footwear&store=osp&srno=s_9_344&otracker=search&fm=organic&iid=16b2a881-d2fd-4a53-beb3-4749210b9f0e.SNDGZFH8P8J8MHMS.SEARCH&ppt=None&ppn=None&ssid=cyxqkm10w00000001745986525662&qH=569084f9cab6eba9,498.0,1998,75,75.08
Rising Wolf,https://www.flipkart.com/rising-wolf-men-casual/p/itm02cbd81498637?pid=SNDFBB2XYUZHHGPT&lid=LSTSNDFBB2XYUZHHGPTFW8TDT&marketplace=FLIPKART&q=footwear&store=osp&srno=s_9_345&otracker=search&fm=organic&iid=16b2a881-d2fd-4a53-beb3-4749210b9f0e.SNDFBB2XYUZHHGPT.SEARCH&ppt=None&ppn=None&ssid=cyxqkm10w00000001745986525662&qH=569084f9cab6eba9,717.0,999,28,28.23
BRUTON,https://www.flipkart.com/bruton-lightweight-combo-pack-2-trendy-sneakers-slip-men/p/itmfhtmuzadpb35f?pid=SHOFVRRTTZ9ZZPG9&lid=LSTSHOFVRRTTZ9ZZPG9HRAA19&marketplace=FLIPKART&q=footwear&store=osp&srno=s_9_346&otracker=search&fm=organic&iid=16b2a881-d2fd-4a53-beb3-4749210b9f0e.SHOFVRRTTZ9ZZPG9.SEARCH&ppt=None&ppn=None&ssid=cyxqkm10w00000001745986525662&qH=569084f9cab6eba9,448.0,2499,82,82.07
aadi,https://www.flipkart.com/aadi-men-sandals/p/itm33bb87913ba28?pid=SNDGSEZJ2YBUFTHZ&lid=LSTSNDGSEZJ2YBUFTHZPDAETG&marketplace=FLIPKART&q=footwear&store=osp&srno=s_9_347&otracker=search&fm=organic&iid=en_T7UvHo6BGiUDANK9-AlCJG3YJAvAGjIRWW2nXBsabYlOGRdYt5_cdipCI0wIrxb6BnotUAMN67NXkYmMFpahyA%3D%3D&ppt=None&ppn=None&ssid=cyxqkm10w00000001745986525662&qH=569084f9cab6eba9,389.0,999,61,61.06
CAMPUS,https://www.flipkart.com/campus-north-plus-walking-shoes-men/p/itm9669687c56df2?pid=SHOFY4DPNNKQ5AD4&lid=LSTSHOFY4DPNNKQ5AD4LV31RI&marketplace=FLIPKART&q=footwear&store=osp&srno=s_9_348&otracker=search&fm=organic&iid=en_T7UvHo6BGiUDANK9-AlCJG3YJAvAGjIRWW2nXBsabYnCfSm4NhCYXIQRLrBwBlU59vRbI-E3egd7--U_QCN5fYQEIsITtCzc4bHaOMTqL08%3D&ppt=None&ppn=None&ssid=cyxqkm10w00000001745986525662&qH=569084f9cab6eba9,1332.0,1899,29,29.86
BIRDE,https://www.flipkart.com/birde-pack-2-men-sandals/p/itm36f500bcfb295?pid=SNDHY8APNNXSRNGG&lid=LSTSNDHY8APNNXSRNGGMPXPSD&marketplace=FLIPKART&q=footwear&store=osp&srno=s_9_349&otracker=search&fm=organic&iid=16b2a881-d2fd-4a53-beb3-4749210b9f0e.SNDHY8APNNXSRNGG.SEARCH&ppt=None&ppn=None&ssid=cyxqkm10w00000001745986525662&qH=569084f9cab6eba9,498.0,1998,75,75.08
BIRDE,https://www.flipkart.com/birde-pack-2-men-sandals/p/itm96e5321443304?pid=SNDGZFH9XZH7MFNG&lid=LSTSNDGZFH9XZH7MFNGAXDU0C&marketplace=FLIPKART&q=footwear&store=osp&srno=s_9_350&otracker=search&fm=organic&iid=16b2a881-d2fd-4a53-beb3-4749210b9f0e.SNDGZFH9XZH7MFNG.SEARCH&ppt=None&ppn=None&ssid=cyxqkm10w00000001745986525662&qH=569084f9cab6eba9,498.0,1998,75,75.08
Wildcraft,https://www.flipkart.com/wildcraft-outdoor-men-sports-sandals/p/itm611ebcfe05e06?pid=SNDG5FR5JE22G9ZZ&lid=LSTSNDG5FR5JE22G9ZZNMZUUX&marketplace=FLIPKART&q=footwear&store=osp&srno=s_9_351&otracker=search&fm=organic&iid=en_T7UvHo6BGiUDANK9-AlCJG3YJAvAGjIRWW2nXBsabYl48YoQ9rRNwdrsflJtzdB-zxHMxlR8uElopoBidb9bln3Gaq_wzx4HJysDmGalzMk%3D&ppt=None&ppn=None&ssid=cyxqkm10w00000001745986525662&qH=569084f9cab6eba9,818.0,1999,59,59.08
GO RIDE,https://www.flipkart.com/go-ride-running-shoes-men/p/itma84f0d68d713b?pid=SHOGFGGW2FPGGVU8&lid=LSTSHOGFGGW2FPGGVU8AZ3CFY&marketplace=FLIPKART&q=footwear&store=osp&srno=s_9_352&otracker=search&fm=organic&iid=en_T7UvHo6BGiUDANK9-AlCJG3YJAvAGjIRWW2nXBsabYnRBpog_pXNNBdwK7_Fesv_aNbfnHT9foOnlzzOATbbFA%3D%3D&ppt=None&ppn=None&ssid=cyxqkm10w00000001745986525662&qH=569084f9cab6eba9,1261.0,1749,27,27.9
Fortex,https://www.flipkart.com/fortex-men-casual/p/itm536dfd6071148?pid=SNDGY9QDCNZMYUAZ&lid=LSTSNDGY9QDCNZMYUAZUWXLRU&marketplace=FLIPKART&q=footwear&store=osp&srno=s_9_353&otracker=search&fm=organic&iid=16b2a881-d2fd-4a53-beb3-4749210b9f0e.SNDGY9QDCNZMYUAZ.SEARCH&ppt=None&ppn=None&ssid=cyxqkm10w00000001745986525662&qH=569084f9cab6eba9,389.0,1299,70,70.05
BIRDE,https://www.flipkart.com/birde-pack-2-men-sandals/p/itm86a784eb4e05c?pid=SNDHY8ASQZ4GD5ZC&lid=LSTSNDHY8ASQZ4GD5ZCJNL3CO&marketplace=FLIPKART&q=footwear&store=osp&srno=s_9_354&otracker=search&fm=organic&iid=16b2a881-d2fd-4a53-beb3-4749210b9f0e.SNDHY8ASQZ4GD5ZC.SEARCH&ppt=None&ppn=None&ssid=cyxqkm10w00000001745986525662&qH=569084f9cab6eba9,498.0,1998,75,75.08
Fortex,https://www.flipkart.com/fortex-men-sandals/p/itme0ce17b4da9a8?pid=SNDGXJTWCHTHAWCV&lid=LSTSNDGXJTWCHTHAWCVRBKJIZ&marketplace=FLIPKART&q=footwear&store=osp&srno=s_9_355&otracker=search&fm=organic&iid=16b2a881-d2fd-4a53-beb3-4749210b9f0e.SNDGXJTWCHTHAWCV.SEARCH&ppt=None&ppn=None&ssid=cyxqkm10w00000001745986525662&qH=569084f9cab6eba9,687.0,1899,63,63.82
SLIPPONS,https://www.flipkart.com/slippons-men-slippers/p/itmc01b97be1b777?pid=SFFH2JRXWWAUTYVY&lid=LSTSFFH2JRXWWAUTYVY6Y9W0F&marketplace=FLIPKART&q=footwear&store=osp&srno=s_9_356&otracker=search&fm=organic&iid=16b2a881-d2fd-4a53-beb3-4749210b9f0e.SFFH2JRXWWAUTYVY.SEARCH&ppt=None&ppn=None&ssid=cyxqkm10w00000001745986525662&qH=569084f9cab6eba9,295.0,999,70,70.47
RED TAPE,https://www.flipkart.com/red-tape-men-clogs/p/itm2e7ee1397e659?pid=SNDGW9HXJ5CZ8WXM&lid=LSTSNDGW9HXJ5CZ8WXMIHYL9U&marketplace=FLIPKART&q=footwear&store=osp&srno=s_9_357&otracker=search&fm=organic&iid=en_T7UvHo6BGiUDANK9-AlCJG3YJAvAGjIRWW2nXBsabYm9ryMHp42Ck9N4jZCYvfnB9veb63dKCTaBv0aSNN6V8maRs4JL222ZRV-dN99QnxU%3D&ppt=None&ppn=None&ssid=cyxqkm10w00000001745986525662&qH=569084f9cab6eba9,669.0,3199,79,79.09
CAMPUS,https://www.flipkart.com/campus-camp-karl-running-shoes-men/p/itmc0c98cdd03aaf?pid=SHOGHXHCQMWHV2UQ&lid=LSTSHOGHXHCQMWHV2UQXCWU2Q&marketplace=FLIPKART&q=footwear&store=osp&srno=s_9_358&otracker=search&fm=organic&iid=en_T7UvHo6BGiUDANK9-AlCJG3YJAvAGjIRWW2nXBsabYkKFGOLz3IX4MTvSNqnaLXOACJMe3KOn24h7dCT4AjqKInfEY2D5bWfIUmTlXs_oiU%3D&ppt=None&ppn=None&ssid=cyxqkm10w00000001745986525662&qH=569084f9cab6eba9,1110.0,1599,30,30.58
Fortex,https://www.flipkart.com/fortex-men-sandals/p/itm92e16f84f2e03?pid=SNDGXM4U8GUHVJ3H&lid=LSTSNDGXM4U8GUHVJ3HDKTV3A&marketplace=FLIPKART&q=footwear&store=osp&srno=s_9_359&otracker=search&fm=organic&iid=16b2a881-d2fd-4a53-beb3-4749210b9f0e.SNDGXM4U8GUHVJ3H.SEARCH&ppt=None&ppn=None&ssid=cyxqkm10w00000001745986525662&qH=569084f9cab6eba9,639.0,1799,64,64.48
BRUTON,https://www.flipkart.com/bruton-lightweight-pack-1-trendy-sneakers-men/p/itm6b204a060e6f0?pid=SHOFVH664E3R8GFT&lid=LSTSHOFVH664E3R8GFTHMPHM6&marketplace=FLIPKART&q=footwear&store=osp&srno=s_9_360&otracker=search&fm=organic&iid=16b2a881-d2fd-4a53-beb3-4749210b9f0e.SHOFVH664E3R8GFT.SEARCH&ppt=None&ppn=None&ssid=cyxqkm10w00000001745986525662&qH=569084f9cab6eba9,295.0,807,63,63.44
aadi,https://www.flipkart.com/aadi-men-sandals/p/itm59812203ec39b?pid=SNDG4JHNQ6TYFVJG&lid=LSTSNDG4JHNQ6TYFVJGW0IHKU&marketplace=FLIPKART&q=footwear&store=osp&srno=s_10_361&otracker=search&fm=organic&iid=en_l3JLEVFEFjNHhpGl5c0hbumBsFX1xjxZSbOxsIlel_ryULNZMH_HC0W9tLhlWP-0kjqGoJ2kAOhAcu9LsaWuXg%3D%3D&ppt=None&ppn=None&ssid=s8ug5evdi80000001745986528139&qH=569084f9cab6eba9,411.0,1999,79,79.44
Abros,https://www.flipkart.com/abros-carter-running-shoes-men/p/itma2c46b7e677e8?pid=SHOH42AA94HXHHGP&lid=LSTSHOH42AA94HXHHGPQXXSBY&marketplace=FLIPKART&q=footwear&store=osp&srno=s_10_362&otracker=search&fm=organic&iid=en_l3JLEVFEFjNHhpGl5c0hbumBsFX1xjxZSbOxsIlel_pF3oTjUdfMADpEcQvm9xsVQlSIPjksVHuVzNfOVAcaCvUFjCTyOHoHZs-Z5_PS_w0%3D&ppt=None&ppn=None&ssid=s8ug5evdi80000001745986528139&qH=569084f9cab6eba9,719.0,1599,55,55.03
World Wear Footwear,https://www.flipkart.com/world-wear-footwear-men-casual/p/itmfefxwgyqddmqn?pid=SNDFEED6QUGYTKMY&lid=LSTSNDFEED6QUGYTKMYWKZZNE&marketplace=FLIPKART&q=footwear&store=osp&srno=s_10_363&otracker=search&fm=organic&iid=6a4fa6cd-09c5-4e66-b5c7-a0e2935ef7fd.SNDFEED6QUGYTKMY.SEARCH&ppt=None&ppn=None&ssid=s8ug5evdi80000001745986528139&qH=569084f9cab6eba9,366.0,499,26,26.65
BERSACHE,https://www.flipkart.com/bersache-men-sandals/p/itm296a6154fdcc1?pid=SNDHFT66G8MXQGDM&lid=LSTSNDHFT66G8MXQGDM8VUF8N&marketplace=FLIPKART&q=footwear&store=osp&srno=s_10_364&otracker=search&fm=organic&iid=6a4fa6cd-09c5-4e66-b5c7-a0e2935ef7fd.SNDHFT66G8MXQGDM.SEARCH&ppt=None&ppn=None&ssid=s8ug5evdi80000001745986528139&qH=569084f9cab6eba9,489.0,998,51,51.0
Gorofy,https://www.flipkart.com/gorofy-men-casual/p/itm5a1ce014e6d19?pid=SNDH42FFZFYMQRTV&lid=LSTSNDH42FFZFYMQRTVWQKK65&marketplace=FLIPKART&q=footwear&store=osp&srno=s_10_365&otracker=search&fm=organic&iid=6a4fa6cd-09c5-4e66-b5c7-a0e2935ef7fd.SNDH42FFZFYMQRTV.SEARCH&ppt=None&ppn=None&ssid=s8ug5evdi80000001745986528139&qH=569084f9cab6eba9,264.0,999,73,73.57
Fortex,https://www.flipkart.com/fortex-men-casual/p/itme8493b3caa566?pid=SNDGY9QDMUJZZRYG&lid=LSTSNDGY9QDMUJZZRYGD8NHXR&marketplace=FLIPKART&q=footwear&store=osp&srno=s_10_366&otracker=search&fm=organic&iid=6a4fa6cd-09c5-4e66-b5c7-a0e2935ef7fd.SNDGY9QDMUJZZRYG.SEARCH&ppt=None&ppn=None&ssid=s8ug5evdi80000001745986528139&qH=569084f9cab6eba9,764.0,1299,41,41.19
BRUTON,https://www.flipkart.com/bruton-men-sandals/p/itm36f0752568872?pid=SNDGZGFYD5WUJYRU&lid=LSTSNDGZGFYD5WUJYRU4UCW2A&marketplace=FLIPKART&q=footwear&store=osp&srno=s_10_367&otracker=search&fm=organic&iid=en_l3JLEVFEFjNHhpGl5c0hbumBsFX1xjxZSbOxsIlel_qvRW0cX_sskUL4RqonQphoR75b77dtxAoKRAcJUGjYUQ%3D%3D&ppt=None&ppn=None&ssid=s8ug5evdi80000001745986528139&qH=569084f9cab6eba9,286.0,1299,77,77.98
JQR,https://www.flipkart.com/jqr-dj-sports-shoes-walking-lightweight-trekking-stylish-running-shoes-men/p/itmcc0f5983b0567?pid=SHOG4PAHCY2JMVSQ&lid=LSTSHOG4PAHCY2JMVSQCJ226H&marketplace=FLIPKART&q=footwear&store=osp&srno=s_10_368&otracker=search&fm=organic&iid=en_l3JLEVFEFjNHhpGl5c0hbumBsFX1xjxZSbOxsIlel_rn19IVo_dG5naCHjoNm5xYTAHDAM3xWa5uZCT7ahwMKA%3D%3D&ppt=None&ppn=None&ssid=s8ug5evdi80000001745986528139&qH=569084f9cab6eba9,909.0,1299,30,30.02
BIRDE,https://www.flipkart.com/birde-premium-black-sandal-men-casual/p/itm2bae62d81a78a?pid=SNDGFPPTDXDG9ZTF&lid=LSTSNDGFPPTDXDG9ZTFEUKEBU&marketplace=FLIPKART&q=footwear&store=osp&srno=s_10_369&otracker=search&fm=organic&iid=6a4fa6cd-09c5-4e66-b5c7-a0e2935ef7fd.SNDGFPPTDXDG9ZTF.SEARCH&ppt=None&ppn=None&ssid=s8ug5evdi80000001745986528139&qH=569084f9cab6eba9,361.0,999,63,63.86
Shoes villa,https://www.flipkart.com/shoes-villa-party-wear-soft-ultralight-mesh-lace-ups-shoe-airmix-sole-gyming-running-casual-sneakers-walking-walking-men/p/itma23e5a5021342?pid=SHOFWWXPJZCRXUCD&lid=LSTSHOFWWXPJZCRXUCDKFKZGF&marketplace=FLIPKART&q=footwear&store=osp&srno=s_10_370&otracker=search&fm=organic&iid=6a4fa6cd-09c5-4e66-b5c7-a0e2935ef7fd.SHOFWWXPJZCRXUCD.SEARCH&ppt=None&ppn=None&ssid=s8ug5evdi80000001745986528139&qH=569084f9cab6eba9,564.0,1259,55,55.2
aadi,https://www.flipkart.com/aadi-men-sandals/p/itm63d5eeded4d21?pid=SNDH438JNVA4JTTK&lid=LSTSNDH438JNVA4JTTKV3VH8G&marketplace=FLIPKART&q=footwear&store=osp&srno=s_10_371&otracker=search&fm=organic&iid=en_l3JLEVFEFjNHhpGl5c0hbumBsFX1xjxZSbOxsIlel_oWuxi71_jdUNdRQey3yk6rGpO4AAQZxootn5QbEFfwtw%3D%3D&ppt=None&ppn=None&ssid=s8ug5evdi80000001745986528139&qH=569084f9cab6eba9,469.0,1999,76,76.54
BRUTON,https://www.flipkart.com/bruton-men-sandals/p/itm22a5edf1ed4bc?pid=SNDH27K3CMQJZ29U&lid=LSTSNDH27K3CMQJZ29UBFWNUB&marketplace=FLIPKART&q=footwear&store=osp&srno=s_10_372&otracker=search&fm=organic&iid=en_l3JLEVFEFjNHhpGl5c0hbumBsFX1xjxZSbOxsIlel_r-1TzZOVHN6PQWmLPY4wrhzZ9BUasHrjF8dflklkCU5g%3D%3D&ppt=None&ppn=None&ssid=s8ug5evdi80000001745986528139&qH=569084f9cab6eba9,297.0,1299,77,77.14
BERSACHE,https://www.flipkart.com/bersache-men-sandals/p/itm7589716486200?pid=SNDGVBMJXZRSRWMU&lid=LSTSNDGVBMJXZRSRWMUYPH09O&marketplace=FLIPKART&q=footwear&store=osp&srno=s_10_373&otracker=search&fm=organic&iid=6a4fa6cd-09c5-4e66-b5c7-a0e2935ef7fd.SNDGVBMJXZRSRWMU.SEARCH&ppt=None&ppn=None&ssid=s8ug5evdi80000001745986528139&qH=569084f9cab6eba9,500.0,998,49,49.9
BIRDE,https://www.flipkart.com/birde-pack-2-men-sandals/p/itma84f1ab2b8c6f?pid=SNDHY8AT7MF4E9JG&lid=LSTSNDHY8AT7MF4E9JGW6V0OF&marketplace=FLIPKART&q=footwear&store=osp&srno=s_10_374&otracker=search&fm=organic&iid=6a4fa6cd-09c5-4e66-b5c7-a0e2935ef7fd.SNDHY8AT7MF4E9JG.SEARCH&ppt=None&ppn=None&ssid=s8ug5evdi80000001745986528139&qH=569084f9cab6eba9,498.0,1998,75,75.08
BERSACHE,https://www.flipkart.com/bersache-men-casual/p/itm468d3185ed25c?pid=SNDGZ9F5SRB7CJWV&lid=LSTSNDGZ9F5SRB7CJWV81IHSA&marketplace=FLIPKART&q=footwear&store=osp&srno=s_10_375&otracker=search&fm=organic&iid=6a4fa6cd-09c5-4e66-b5c7-a0e2935ef7fd.SNDGZ9F5SRB7CJWV.SEARCH&ppt=None&ppn=None&ssid=s8ug5evdi80000001745986528139&qH=569084f9cab6eba9,500.0,998,49,49.9
BIRDE,https://www.flipkart.com/birde-premium-black-sandal-men-sandals/p/itm3ed4ff94a4738?pid=SNDGEWGSF68ZHHTR&lid=LSTSNDGEWGSF68ZHHTRIEPZSI&marketplace=FLIPKART&q=footwear&store=osp&srno=s_10_376&otracker=search&fm=organic&iid=6a4fa6cd-09c5-4e66-b5c7-a0e2935ef7fd.SNDGEWGSF68ZHHTR.SEARCH&ppt=None&ppn=None&ssid=s8ug5evdi80000001745986528139&qH=569084f9cab6eba9,274.0,999,72,72.57
BIRDE,https://www.flipkart.com/birde-premium-clogs-men-sandals/p/itmc30b362408377?pid=SNDGHVNHCZUDSJ6H&lid=LSTSNDGHVNHCZUDSJ6HK1XL5B&marketplace=FLIPKART&q=footwear&store=osp&srno=s_10_377&otracker=search&fm=organic&iid=en_l3JLEVFEFjNHhpGl5c0hbumBsFX1xjxZSbOxsIlel_qWbKK6eIUsX9yb-aLm_HRQk4ccazj_51E8GaMuCpp7Fw%3D%3D&ppt=None&ppn=None&ssid=s8ug5evdi80000001745986528139&qH=569084f9cab6eba9,299.0,999,70,70.07
AJANTA,https://www.flipkart.com/ajanta-men-slides/p/itm3420059bc7d22?pid=SFFGDK63AFMMFVGE&lid=LSTSFFGDK63AFMMFVGEZSGKHP&marketplace=FLIPKART&q=footwear&store=osp&srno=s_10_378&otracker=search&fm=organic&iid=en_l3JLEVFEFjNHhpGl5c0hbumBsFX1xjxZSbOxsIlel_qv39v7BvF2ut72LPsZylemGW0ZlvlmKnw4o0e69G5Fe_UFjCTyOHoHZs-Z5_PS_w0%3D&ppt=None&ppn=None&ssid=s8ug5evdi80000001745986528139&qH=569084f9cab6eba9,209.0,699,70,70.1
Sparx,https://www.flipkart.com/sparx-ss-485-men-sports-sandals/p/itmae62e1dc626f2?pid=SNDFW9M9HGFYTK6B&lid=LSTSNDFW9M9HGFYTK6BDM6JJG&marketplace=FLIPKART&q=footwear&store=osp&srno=s_10_379&otracker=search&fm=organic&iid=6a4fa6cd-09c5-4e66-b5c7-a0e2935ef7fd.SNDFW9M9HGFYTK6B.SEARCH&ppt=None&ppn=None&ssid=s8ug5evdi80000001745986528139&qH=569084f9cab6eba9,1124.0,1249,10,10.01
Fortex,https://www.flipkart.com/fortex-men-casual/p/itmd64a83e70bdc2?pid=SNDGY9QDGTAMGWZ3&lid=LSTSNDGY9QDGTAMGWZ3EXOZ1N&marketplace=FLIPKART&q=footwear&store=osp&srno=s_10_380&otracker=search&fm=organic&iid=6a4fa6cd-09c5-4e66-b5c7-a0e2935ef7fd.SNDGY9QDGTAMGWZ3.SEARCH&ppt=None&ppn=None&ssid=s8ug5evdi80000001745986528139&qH=569084f9cab6eba9,449.0,1299,65,65.43
aadi,https://www.flipkart.com/aadi-men-clogs/p/itm1d8f453cbb39d?pid=SNDGX32UUGZBHSNZ&lid=LSTSNDGX32UUGZBHSNZ4V4PDH&marketplace=FLIPKART&q=footwear&store=osp&srno=s_10_381&otracker=search&fm=organic&iid=en_l3JLEVFEFjNHhpGl5c0hbumBsFX1xjxZSbOxsIlel_qL8X1Rd-K7gpt394DuTAiOh-HGoSCXWEYod9Flbgu2jg%3D%3D&ppt=None&ppn=None&ssid=s8ug5evdi80000001745986528139&qH=569084f9cab6eba9,368.0,999,63,63.16
CAMPUS,https://www.flipkart.com/campus-terminator-n-running-shoes-men/p/itm29ac3efb0d51d?pid=SHOG2QYYC4PZRWAF&lid=LSTSHOG2QYYC4PZRWAFY2C8OC&marketplace=FLIPKART&q=footwear&store=osp&srno=s_10_382&otracker=search&fm=organic&iid=en_l3JLEVFEFjNHhpGl5c0hbumBsFX1xjxZSbOxsIlel_oJ6QMZRi5fkaMjnTVkmgr4yC2A-zMetcYLsOQ7SxSUz4E8waCTrWcncKeK_ydPfoM%3D&ppt=None&ppn=None&ssid=s8ug5evdi80000001745986528139&qH=569084f9cab6eba9,1554.0,2299,32,32.41
BIRDE,https://www.flipkart.com/birde-men-sandals/p/itm9719b22ae30d1?pid=SNDHFV6JUHXKDMM7&lid=LSTSNDHFV6JUHXKDMM7Q6YS6F&marketplace=FLIPKART&q=footwear&store=osp&srno=s_10_383&otracker=search&fm=organic&iid=6a4fa6cd-09c5-4e66-b5c7-a0e2935ef7fd.SNDHFV6JUHXKDMM7.SEARCH&ppt=None&ppn=None&ssid=s8ug5evdi80000001745986528139&qH=569084f9cab6eba9,297.0,999,70,70.27
BIRDE,https://www.flipkart.com/birde-men-sandals/p/itmd0e2645865a94?pid=SNDH25GENYBDMJ38&lid=LSTSNDH25GENYBDMJ38LDRBTV&marketplace=FLIPKART&q=footwear&store=osp&srno=s_10_384&otracker=search&fm=organic&iid=6a4fa6cd-09c5-4e66-b5c7-a0e2935ef7fd.SNDH25GENYBDMJ38.SEARCH&ppt=None&ppn=None&ssid=s8ug5evdi80000001745986528139&qH=569084f9cab6eba9,498.0,1999,75,75.09
BIRDE,https://www.flipkart.com/birde-stylish-comfortable-lightweight-regular-wear-men-green-sandals/p/itmb886536962f24?pid=SNDGSXZHA4K5M2YQ&lid=LSTSNDGSXZHA4K5M2YQUAN3ZF&marketplace=FLIPKART&q=footwear&store=osp&srno=s_10_385&otracker=search&fm=organic&iid=6a4fa6cd-09c5-4e66-b5c7-a0e2935ef7fd.SNDGSXZHA4K5M2YQ.SEARCH&ppt=None&ppn=None&ssid=s8ug5evdi80000001745986528139&qH=569084f9cab6eba9,310.0,999,68,68.97
BRUTON,https://www.flipkart.com/bruton-combo-pack-2-casual-sneaker-lightweight-winter-shoes-sneakers-men/p/itm94cc37a4ba0be?pid=SHOFVPMHEWSBXBZR&lid=LSTSHOFVPMHEWSBXBZRQKVBTH&marketplace=FLIPKART&q=footwear&store=osp&srno=s_10_386&otracker=search&fm=organic&iid=6a4fa6cd-09c5-4e66-b5c7-a0e2935ef7fd.SHOFVPMHEWSBXBZR.SEARCH&ppt=None&ppn=None&ssid=s8ug5evdi80000001745986528139&qH=569084f9cab6eba9,445.0,2499,82,82.19
aadi,https://www.flipkart.com/aadi-men-sandals/p/itm33bb87913ba28?pid=SNDGSEZJ2YBUFTHZ&lid=LSTSNDGSEZJ2YBUFTHZPDAETG&marketplace=FLIPKART&q=footwear&store=osp&srno=s_10_387&otracker=search&fm=organic&iid=en_l3JLEVFEFjNHhpGl5c0hbumBsFX1xjxZSbOxsIlel_q4sVIijMvQ86UXPnw0Igx6BnotUAMN67NXkYmMFpahyA%3D%3D&ppt=None&ppn=None&ssid=s8ug5evdi80000001745986528139&qH=569084f9cab6eba9,389.0,999,61,61.06
CAMPUS,https://www.flipkart.com/campus-north-plus-walking-shoes-men/p/itm9669687c56df2?pid=SHOFY4DPNNKQ5AD4&lid=LSTSHOFY4DPNNKQ5AD4LV31RI&marketplace=FLIPKART&q=footwear&store=osp&srno=s_10_388&otracker=search&fm=organic&iid=en_l3JLEVFEFjNHhpGl5c0hbumBsFX1xjxZSbOxsIlel_ptzlLYKlESvznReeM8jcG29vRbI-E3egd7--U_QCN5fYQEIsITtCzc4bHaOMTqL08%3D&ppt=None&ppn=None&ssid=s8ug5evdi80000001745986528139&qH=569084f9cab6eba9,1332.0,1899,29,29.86
BIRDE,https://www.flipkart.com/birde-men-clogs/p/itm08a7f16f02052?pid=SNDHYEZNFKXH8YYB&lid=LSTSNDHYEZNFKXH8YYBR8STLD&marketplace=FLIPKART&q=footwear&store=osp&srno=s_10_389&otracker=search&fm=organic&iid=6a4fa6cd-09c5-4e66-b5c7-a0e2935ef7fd.SNDHYEZNFKXH8YYB.SEARCH&ppt=None&ppn=None&ssid=s8ug5evdi80000001745986528139&qH=569084f9cab6eba9,345.0,999,65,65.47
BERSACHE,https://www.flipkart.com/bersache-men-casual/p/itmcd4ff392b9440?pid=SNDGZ9F5ZNC2CRVZ&lid=LSTSNDGZ9F5ZNC2CRVZFP6NWF&marketplace=FLIPKART&q=footwear&store=osp&srno=s_10_390&otracker=search&fm=organic&iid=6a4fa6cd-09c5-4e66-b5c7-a0e2935ef7fd.SNDGZ9F5ZNC2CRVZ.SEARCH&ppt=None&ppn=None&ssid=s8ug5evdi80000001745986528139&qH=569084f9cab6eba9,500.0,998,49,49.9
Wildcraft,https://www.flipkart.com/wildcraft-outdoor-men-sports-sandals/p/itm611ebcfe05e06?pid=SNDG5FR5JE22G9ZZ&lid=LSTSNDG5FR5JE22G9ZZNMZUUX&marketplace=FLIPKART&q=footwear&store=osp&srno=s_10_391&otracker=search&fm=organic&iid=en_l3JLEVFEFjNHhpGl5c0hbumBsFX1xjxZSbOxsIlel_qyeCWsDi041oAP07pOMOfvzxHMxlR8uElopoBidb9bln3Gaq_wzx4HJysDmGalzMk%3D&ppt=None&ppn=None&ssid=s8ug5evdi80000001745986528139&qH=569084f9cab6eba9,818.0,1999,59,59.08
GO RIDE,https://www.flipkart.com/go-ride-running-shoes-men/p/itma84f0d68d713b?pid=SHOGFGGW2FPGGVU8&lid=LSTSHOGFGGW2FPGGVU8AZ3CFY&marketplace=FLIPKART&q=footwear&store=osp&srno=s_10_392&otracker=search&fm=organic&iid=en_l3JLEVFEFjNHhpGl5c0hbumBsFX1xjxZSbOxsIlel_rZkLaV6zKAfjeHayxKpHspaNbfnHT9foOnlzzOATbbFA%3D%3D&ppt=None&ppn=None&ssid=s8ug5evdi80000001745986528139&qH=569084f9cab6eba9,1261.0,1749,27,27.9
BIRDE,https://www.flipkart.com/birde-pack-2-men-sandals/p/itm1aa7382e44341?pid=SNDHY8APHXVSGCY4&lid=LSTSNDHY8APHXVSGCY4FFNMIV&marketplace=FLIPKART&q=footwear&store=osp&srno=s_10_393&otracker=search&fm=organic&iid=6a4fa6cd-09c5-4e66-b5c7-a0e2935ef7fd.SNDHY8APHXVSGCY4.SEARCH&ppt=None&ppn=None&ssid=s8ug5evdi80000001745986528139&qH=569084f9cab6eba9,498.0,1998,75,75.08
BIRDE,https://www.flipkart.com/birde-stylish-comfortable-lightweight-regular-wear-men-navy-sandals/p/itm730f89f2f6197?pid=SNDGJNV4RYCGFQRZ&lid=LSTSNDGJNV4RYCGFQRZZGQD0Y&marketplace=FLIPKART&q=footwear&store=osp&srno=s_10_394&otracker=search&fm=organic&iid=6a4fa6cd-09c5-4e66-b5c7-a0e2935ef7fd.SNDGJNV4RYCGFQRZ.SEARCH&ppt=None&ppn=None&ssid=s8ug5evdi80000001745986528139&qH=569084f9cab6eba9,277.0,999,72,72.27
BERSACHE,https://www.flipkart.com/bersache-men-sandals/p/itm75dd2215facf3?pid=SNDGV8GFCFB2QQYZ&lid=LSTSNDGV8GFCFB2QQYZXOFSFD&marketplace=FLIPKART&q=footwear&store=osp&srno=s_10_395&otracker=search&fm=organic&iid=6a4fa6cd-09c5-4e66-b5c7-a0e2935ef7fd.SNDGV8GFCFB2QQYZ.SEARCH&ppt=None&ppn=None&ssid=s8ug5evdi80000001745986528139&qH=569084f9cab6eba9,323.0,1999,83,83.84
Rising Wolf,https://www.flipkart.com/rising-wolf-men-sandals/p/itm10fab7d7ba4de?pid=SNDGCHBHVEUJKHCK&lid=LSTSNDGCHBHVEUJKHCKAEB6SW&marketplace=FLIPKART&q=footwear&store=osp&srno=s_10_396&otracker=search&fm=organic&iid=6a4fa6cd-09c5-4e66-b5c7-a0e2935ef7fd.SNDGCHBHVEUJKHCK.SEARCH&ppt=None&ppn=None&ssid=s8ug5evdi80000001745986528139&qH=569084f9cab6eba9,760.0,1999,61,61.98
RED TAPE,https://www.flipkart.com/red-tape-men-clogs/p/itm2e7ee1397e659?pid=SNDGW9HXJ5CZ8WXM&lid=LSTSNDGW9HXJ5CZ8WXMIHYL9U&marketplace=FLIPKART&q=footwear&store=osp&srno=s_10_397&otracker=search&fm=organic&iid=en_l3JLEVFEFjNHhpGl5c0hbumBsFX1xjxZSbOxsIlel_rkMkMqQsbyaznZm6Dy0Pp49veb63dKCTaBv0aSNN6V8maRs4JL222ZRV-dN99QnxU%3D&ppt=None&ppn=None&ssid=s8ug5evdi80000001745986528139&qH=569084f9cab6eba9,669.0,3199,79,79.09
CAMPUS,https://www.flipkart.com/campus-camp-karl-running-shoes-men/p/itmc0c98cdd03aaf?pid=SHOGHXHCQMWHV2UQ&lid=LSTSHOGHXHCQMWHV2UQXCWU2Q&marketplace=FLIPKART&q=footwear&store=osp&srno=s_10_398&otracker=search&fm=organic&iid=en_l3JLEVFEFjNHhpGl5c0hbumBsFX1xjxZSbOxsIlel_pwOBTQ5cXN-ZIQLwYXFpKSACJMe3KOn24h7dCT4AjqKInfEY2D5bWfIUmTlXs_oiU%3D&ppt=None&ppn=None&ssid=s8ug5evdi80000001745986528139&qH=569084f9cab6eba9,1110.0,1599,30,30.58
BIRDE,https://www.flipkart.com/birde-pack-2-men-sandals/p/itme9bc2d52f63fb?pid=SNDHY8ASEYTADTGH&lid=LSTSNDHY8ASEYTADTGHA4HS5K&marketplace=FLIPKART&q=footwear&store=osp&srno=s_10_399&otracker=search&fm=organic&iid=6a4fa6cd-09c5-4e66-b5c7-a0e2935ef7fd.SNDHY8ASEYTADTGH.SEARCH&ppt=None&ppn=None&ssid=s8ug5evdi80000001745986528139&qH=569084f9cab6eba9,589.0,1998,70,70.52
World Wear Footwear,https://www.flipkart.com/world-wear-footwear-new-986-slip-sneakers-men/p/itmfdguhpmyjpqee?pid=SHOFDGQN9AJQFZFE&lid=LSTSHOFDGQN9AJQFZFESLVUSA&marketplace=FLIPKART&q=footwear&store=osp&srno=s_10_400&otracker=search&fm=organic&iid=6a4fa6cd-09c5-4e66-b5c7-a0e2935ef7fd.SHOFDGQN9AJQFZFE.SEARCH&ppt=None&ppn=None&ssid=s8ug5evdi80000001745986528139&qH=569084f9cab6eba9,304.0,499,39,39.08
